CREATE DATABASE  IF NOT EXISTS `qepms` /*!40100 DEFAULT CHARACTER SET utf8 */;
USE `qepms`;

-- MySQL dump 10.13  Distrib 5.7.9, for Win64 (x86_64)
--
-- Host: 10.30.3.34    Database: qepms
-- ------------------------------------------------------
-- Server version	5.5.13

/*!40101 SET @OLD_CHARACTER_SET_CLIENT=@@CHARACTER_SET_CLIENT */;
/*!40101 SET @OLD_CHARACTER_SET_RESULTS=@@CHARACTER_SET_RESULTS */;
/*!40101 SET @OLD_COLLATION_CONNECTION=@@COLLATION_CONNECTION */;
/*!40101 SET NAMES utf8 */;
/*!40103 SET @OLD_TIME_ZONE=@@TIME_ZONE */;
/*!40103 SET TIME_ZONE='+00:00' */;
/*!40014 SET @OLD_UNIQUE_CHECKS=@@UNIQUE_CHECKS, UNIQUE_CHECKS=0 */;
/*!40014 SET @OLD_FOREIGN_KEY_CHECKS=@@FOREIGN_KEY_CHECKS, FOREIGN_KEY_CHECKS=0 */;
/*!40101 SET @OLD_SQL_MODE=@@SQL_MODE, SQL_MODE='NO_AUTO_VALUE_ON_ZERO' */;
/*!40111 SET @OLD_SQL_NOTES=@@SQL_NOTES, SQL_NOTES=0 */;

--
-- Table structure for table `education`
--

DROP TABLE IF EXISTS `education`;
/*!40101 SET @saved_cs_client     = @@character_set_client */;
/*!40101 SET character_set_client = utf8 */;
CREATE TABLE `education` (
  `EducationId` int(11) NOT NULL AUTO_INCREMENT,
  `ResumeId` int(11) DEFAULT NULL,
  `Degree` varchar(50) DEFAULT NULL,
  `Aggregate` decimal(20,0) DEFAULT NULL,
  `College` varchar(200) DEFAULT NULL,
  `YearOfPassing` int(4) DEFAULT NULL,
  `CreatedDate` datetime NOT NULL,
  `UpdatedDate` datetime NOT NULL,
  `Specialization` varchar(50) DEFAULT NULL,
  `Description` varchar(255) DEFAULT NULL,
  PRIMARY KEY (`EducationId`),
  KEY `FKEEAB67A8CDD04ACA` (`ResumeId`),
  CONSTRAINT `FKEEAB67A8CDD04ACA` FOREIGN KEY (`ResumeId`) REFERENCES `resume` (`Resumeid`)
) ENGINE=InnoDB AUTO_INCREMENT=68 DEFAULT CHARSET=latin1;
/*!40101 SET character_set_client = @saved_cs_client */;

--
-- Dumping data for table `education`
--

LOCK TABLES `education` WRITE;
/*!40000 ALTER TABLE `education` DISABLE KEYS */;
INSERT INTO `education` VALUES (25,2050,'Test',NULL,'Test',2014,'2016-01-21 19:08:58','2016-01-21 19:08:58','Test',NULL),(26,2051,'Test',NULL,'Test',2014,'2016-01-22 11:05:10','2016-01-22 11:05:10','Test',NULL),(27,2052,'Test',NULL,'Test',2014,'2016-01-22 11:05:46','2016-01-22 11:05:46','Test',NULL),(29,2054,'B.E',NULL,'VTU',2013,'2016-01-22 11:41:38','2016-01-22 11:41:38','Information Science',NULL),(30,2055,'Test',NULL,'Test',2014,'2016-01-22 11:51:05','2016-01-22 11:51:05','Test',NULL),(32,2056,'B.E',NULL,'T.John Institute of Technology',2015,'2016-01-22 12:48:00','2016-01-22 12:48:00','Information Science',NULL),(33,2060,' ',NULL,' ',NULL,'2016-01-22 14:01:07','2016-01-22 14:01:07',NULL,NULL),(34,2061,'BE',NULL,'APS',2014,'2016-01-22 14:02:01','2016-01-22 14:02:01','CSE',NULL),(35,2061,' ',NULL,' ',NULL,'2016-01-22 14:02:01','2016-01-22 14:02:01','',NULL),(36,2062,'BE',NULL,'East West Institute Of Technology',2015,'2016-01-22 14:49:02','2016-01-22 14:49:02','Information Science',NULL),(37,2053,'Test',NULL,'Test',2014,'2016-01-22 14:57:35','2016-01-22 14:57:35','Test',NULL),(43,2063,'MCA',NULL,'JNTU, Hyderabad',2005,'2016-01-22 15:31:00','2016-01-22 15:31:00','Computer science',NULL),(45,2064,'Bachelor of Engineering',NULL,'East Point College of Engineering and Technology',2014,'2016-01-22 15:38:19','2016-01-22 15:38:19','Information Science Engineering',NULL),(47,2059,'B.E',NULL,'T.John Institute of Technology',2015,'2016-01-22 15:39:04','2016-01-22 15:39:04','Information Science',NULL),(48,2065,' ',NULL,' ',NULL,'2016-01-22 15:41:48','2016-01-22 15:41:48',NULL,NULL),(49,2067,'BE',NULL,'APS',2014,'2016-01-27 19:26:01','2016-01-27 19:26:01','CSE',NULL),(50,2067,' ',NULL,' ',NULL,'2016-01-27 19:26:01','2016-01-27 19:26:01','',NULL),(51,2068,'Bachelor of technology',NULL,'Gandhi Institute for Technological Advancement, (BPUT), Bhubaneswar,',2014,'2016-02-01 11:20:05','2016-02-01 11:20:05','Computer Science and Technology',NULL),(53,2071,'BE',NULL,'vishveshwarya institute of engineering & technology',2014,'2016-02-01 12:16:44','2016-02-01 12:16:44','ComputerScience',NULL),(54,2072,'Bachelor of Engineering',NULL,'Canara Engineering College',2010,'2016-02-01 14:36:20','2016-02-01 14:36:20','Computer Science',NULL),(55,2073,' ',NULL,' ',NULL,'2016-02-01 20:30:19','2016-02-01 20:30:19','',NULL),(56,2074,'BE',NULL,'APS',2014,'2016-02-01 20:31:36','2016-02-01 20:31:36','CSE',NULL),(57,2074,' ',NULL,' ',NULL,'2016-02-01 20:31:36','2016-02-01 20:31:36','',NULL),(58,2075,' ',NULL,' ',NULL,'2016-02-01 20:56:57','2016-02-01 20:56:57','',NULL),(59,2075,'BE',NULL,'APS',2014,'2016-02-01 20:56:57','2016-02-01 20:56:57','CSE',NULL),(60,2076,'BE',NULL,'APS',2014,'2016-02-02 17:36:27','2016-02-02 17:36:27','CSE',NULL),(61,2076,' ',NULL,' ',NULL,'2016-02-02 17:36:27','2016-02-02 17:36:27','',NULL),(62,2077,'BE',NULL,'APS',2014,'2016-02-02 17:36:53','2016-02-02 17:36:53','CSE',NULL),(63,2077,' ',NULL,' ',NULL,'2016-02-02 17:36:53','2016-02-02 17:36:53','',NULL),(66,2078,' ',NULL,' ',NULL,'2016-02-02 17:37:46','2016-02-02 17:37:46','',NULL),(67,2078,'BE',NULL,'APS',2014,'2016-02-02 17:37:46','2016-02-02 17:37:46','CSE',NULL);
/*!40000 ALTER TABLE `education` ENABLE KEYS */;
UNLOCK TABLES;

--
-- Table structure for table `employee_master`
--

DROP TABLE IF EXISTS `employee_master`;
/*!40101 SET @saved_cs_client     = @@character_set_client */;
/*!40101 SET character_set_client = utf8 */;
CREATE TABLE `employee_master` (
  `EmpId` int(11) NOT NULL,
  `Name` varchar(50) DEFAULT NULL,
  `Title` varchar(50) DEFAULT NULL COMMENT 'Mr / Ms / Dr',
  `CurrentProject` varchar(50) DEFAULT NULL,
  `ReportingManager` varchar(50) DEFAULT NULL,
  `EmployeeMail` varchar(50) DEFAULT NULL,
  `ManagerMail` varchar(50) DEFAULT NULL,
  `CreatedDate` datetime NOT NULL,
  `UpdatedDate` datetime NOT NULL,
  `GroupName` varchar(50) DEFAULT NULL COMMENT 'Manager/ARMG/Employee',
  PRIMARY KEY (`EmpId`)
) ENGINE=InnoDB DEFAULT CHARSET=latin1;
/*!40101 SET character_set_client = @saved_cs_client */;

--
-- Dumping data for table `employee_master`
--

LOCK TABLES `employee_master` WRITE;
/*!40000 ALTER TABLE `employee_master` DISABLE KEYS */;
INSERT INTO `employee_master` VALUES (1,'QEPMS_Employee','Mr','MMI','Kavana B','QEPMS_Employee@quinnox.com','kavanab@quinnox.com','2015-02-21 15:02:20','2015-02-21 15:02:20','employee'),(168,'Vinodanan Raghavan','Mr','RMG','Sriram Murthi','vinodanr@quinnox.com','Sriram.Murthi@quinnox.com','2015-08-20 12:07:00','2015-08-20 12:07:00','armg-manager'),(806,'Puneet Verma','Mr','RMG','Rekha Raj','Puneetv@quinnox.com','Rekhar@quinnox.com','2015-07-24 12:10:01','2015-07-24 12:10:01','manager'),(1431,'Laxman Babu Chakal','Mr','GP','QEPMS_Manager','CLaxmanbabu@quinnox.com','QEPMS_Manager@quinnox.com','2016-01-07 10:27:50','2016-01-21 17:56:26','Manager'),(1890,'Vijendra Vegi','Mr','GP','QEPMS_Manager','VijendraV@quinnox.com','QEPMS_Manager@quinnox.com','2016-01-07 10:27:50','2016-01-21 17:56:26','Manager'),(1986,'Gajendra Naidu Koka','Mr','GP','QEPMS_Manager','GajendraN@quinnox.com ','QEPMS_Manager@quinnox.com','2015-09-22 09:57:36','2015-11-17 19:14:38','employee'),(1999,'Jyotsana Laxmandas Khatri','Ms','DHL - AMS','Rajesh.M. Thakkar','JYOTSANAK@QUINNOX.COM','RAJESHT@QUINNOX.COM','2015-02-20 13:34:18','2015-02-20 13:34:18','Employee'),(2077,'Inderjeet Singh','Mr','GP','QEPMS_Manager','InderjeetSingh@quinnox.com','QEPMS_Manager@quinnox.com','2016-01-07 10:27:50','2016-01-21 17:56:26','Manager'),(2108,'Saravana Kumar Thangavelu','Mr','GP','QEPMS_Manager','SaravanaT@quinnox.com','QEPMS_Manager@quinnox.com','2015-08-11 15:03:00','2016-01-21 17:56:26','Manager'),(2306,'Rahul Vishwas Dixit','Mr','Alliance Bernstein  - Calypso','Arif Khan','RAHULD@QUINNOX.COM','ARIFK@QUINNOX.COM','2015-02-20 13:34:18','2015-02-20 13:34:18','Employee'),(2326,'Amjad Iqbal Shaikh','Mr','RMG','Puneet Verma','Amjads@quinnox.com','Puneetv@quinnox.com','2015-07-24 12:10:01','2015-10-28 17:43:32','Employee'),(2402,'Ajay Nair','Mr','WM - AEIM - Maint & Production Support','Shailesh Manik Gajare','AJAYNAIR@QUINNOX.COM','SHAILESHG@QUINNOX.COM','2015-02-20 13:34:18','2015-02-20 13:34:18','Employee'),(2584,'Ramu Gade','Mr','FirstLook - Application Dev & Support','Avanish Gupta','RAMUG@QUINNOX.COM','AVANISHG@QUINNOX.COM','2015-02-20 13:34:18','2015-02-20 13:34:18','Employee'),(2613,'Amit Joshi','Mr','VF Europe - Midrange','Arnab Bose','AMITJ@QUINNOX.COM','ARNABB@QUINNOX.COM','2015-02-20 13:34:18','2015-02-20 13:34:18','Employee'),(2632,'Prashant Jadhav','Mr','SunTrust - Calypso Upgrade','Sameer Deshmukh','PRASHANTJ@QUINNOX.COM','SAMEERD@QUINNOX.COM','2015-02-20 13:34:18','2015-02-20 13:34:18','Employee'),(2701,'Penchalaiah Koneti','Mr','SBM','QEPMS_Manager','PenchalaiahK@quinnox.com','QEPMS_Manager@quinnox.com','2015-09-11 18:14:20','2015-09-11 18:14:20','employee'),(2732,'Sunil Mathew','Mr','GP','QEPMS_Manager','SunilM@quinnox.com','QEPMS_Manager@quinnox.com','2016-01-07 10:27:50','2016-01-21 17:56:26','Manager'),(2995,'Niranjan Kumar P','Mr','PF','QEPMS_Manager','NPandham@quinnox.com','QEPMS_Manager@quinnox.com','2015-09-11 18:14:20','2015-09-11 18:14:20','employee'),(3228,'Tathagata Roy','Mr','RMG','Puneet Verma','Tathagatar@quinnox.com','Puneetv@quinnox.com','2015-07-24 12:10:01','2015-07-24 12:10:01','armg'),(3290,'Rekha Malla','Miss','GP','QEPMS_Manager','RekhaM@quinnox.com','QEPMS_Manager@quinnox.com','2015-09-22 09:57:36','2015-11-17 19:14:38','employee'),(3476,'Sumashri Gupta','Ms','SAP','Kavana B','SumashriG@quinnox.com ','kavanab@quinnox.com','2015-09-11 18:14:20','2015-09-11 18:14:20','employee'),(3764,'Ajay_Sharma','Mr','Knighted','QEPMS_Manager','AjayS@quinnox.com','QEPMS_Manager@quinnox.com','2015-09-11 18:14:20','2015-09-11 18:14:20','employee'),(3872,'Hitendra Singh','Mr','GP','QEPMS_Manager','HitendraC@quinnox.com','QEPMS_Manager@quinnox.com','2015-09-22 09:57:36','2015-11-17 19:14:38','employee'),(3971,'Chockalingam CC','Mr','GP','QEPMS_Manager','ChockalingamC@quinnox.com','QEPMS_Manager@quinnox.com','2015-09-22 09:57:36','2015-11-17 19:14:38','employee'),(4018,'Vishal Kumar Singh','Mr','MMI','Chethana P','Vishal@quinnox.com','Chethanap@quinnox.com','2015-01-30 17:13:29','2015-02-20 13:34:18','employee'),(4023,'Anirudh Ravishankar','Mr','GP','QEPMS_Manager','AnirudhR@quinnox.com','QEPMS_Manager@quinnox.com','2015-09-22 09:57:36','2016-01-21 17:56:26','Employee'),(4105,'Chakravarthy','Mr','Knighted','QEPMS_Manager','Chakravarthy@quinnox.com','QEPMS_Manager@quinnox.com','2015-01-30 17:13:29','2015-01-30 17:13:29','Employee'),(4190,'Abhishek Kumar','Mr','GP','QEPMS_Manager','AKumar@quinnox.com','QEPMS_Manager@quinnox.com','2016-01-07 10:27:50','2016-01-21 17:56:26','Employee'),(4197,'Rajeev Gowda','Mr','QEPMS','Dhanunjaya Yenugula','rajeevg@quinnox.com','DhanunjayaY@quinnox.com','2015-08-14 14:40:41','2015-08-14 14:40:41','employee'),(4201,'Sandeep Sharma','Mr','GP','QEPMS_Manager','SSharma@quinnox.com','QEPMS_Manager@quinnox.com','2016-01-07 10:27:50','2016-01-21 17:56:26','Manager'),(4401,'Sridhar Thirunavukkarasu','Mr','GP','QEPMS_Manager','SridharT@quinnox.com','QEPMS_Manager@quinnox.com','2016-01-07 10:27:50','2016-01-21 17:56:26','Manager'),(4405,'Ashwani Kumar Ramini','Mr','GP','QEPMS_Manager','AshwaniK@quinnox.com','QEPMS_Manager@quinnox.com','2016-01-07 10:27:50','2016-01-21 17:56:26','Employee'),(4500,'Thammaiah M B','Mr','MMI','Mukunda N','ThammiahM@quinnox.com','mukundan@quinnox.com','2015-01-30 17:13:30','2015-01-30 17:13:30','armg'),(4556,'Udaya Kumar Sarana','Mr','GP','QEPMS_Manager','UdayaS@quinnox.com','QEPMS_Manager@quinnox.com','2016-01-07 10:27:50','2016-01-21 17:56:26','Employee'),(4599,'Ashutosh Singh','Mr','GP','QEPMS_Manager','AshutoshS@quinnox.com','QEPMS_Manager@quinnox.com','2016-01-07 10:27:50','2016-01-21 17:56:26','Employee'),(4644,'Amarnath Cherukuri','Mr','GP','QEPMS_Manager','AmarnathC@quinnox.com','QEPMS_Manager@quinnox.com','2016-01-07 10:27:50','2016-01-21 17:56:26','Employee'),(4754,'Praveen Kumaran','Mr','RMG','Puneet Verma','praveenk@quinnox.com','puneetv@quinnox.com','2015-01-30 17:13:30','2015-01-30 17:13:30','armg'),(4757,'Krishna Samanth Lella','Mr','GP','QEPMS_Manager','KrishnaL@quinnox.com','QEPMS_Manager@quinnox.com','2016-01-07 10:27:50','2016-01-21 17:56:26','Employee'),(4803,'Sahana Baliga','Miss','GP','QEPMS_Manager','SahanaB@quinnox.com','QEPMS_Manager@quinnox.com','2016-01-07 10:27:50','2016-01-21 17:56:26','Employee'),(5034,'Ravikumar Siripurapu','Mr','GP','QEPMS_Manager','RavikumarS@quinnox.com','QEPMS_Manager@quinnox.com','2016-01-07 10:27:50','2016-01-21 17:56:26','Employee'),(5095,'Rajesh Baratam','Mr','GP','QEPMS_Manager','RajeshBaratam@quinnox.com','QEPMS_Manager@quinnox.com','2016-01-07 10:27:50','2016-01-21 17:56:26','Employee'),(5143,'Chandan Kumar Shyamal','Mr','GP','QEPMS_Manager','ChandanS@quinnox.com','QEPMS_Manager@quinnox.com','2016-01-07 10:27:50','2016-01-21 17:56:26','Employee'),(5144,'Heena Gupta','Ms','QEPMS','Chethana P','HeenaG@quinnox.com','ChethanaP@quinnox.com','2014-11-24 15:11:37','2014-11-24 15:11:37','armg'),(5199,'U.R.K.H Prasad Varma Bommidi','Mr','GP','QEPMS_Manager','UPRASADVARMA@quinnox.com','QEPMS_Manager@quinnox.com','2016-01-07 10:27:50','2016-01-21 17:56:26','Manager'),(5257,'Dhanunjaya Yenugula','Mr','GP','QEPMS_Manager','DhanunjayaY@quinnox.com','QEPMS_Manager@quinnox.com','2015-08-13 13:14:56','2016-01-21 17:56:26','Employee'),(5379,'Naveen Kumar Agrawal','Mr','GP','QEPMS_Manager','NaveenkumarA@quinnox.com','QEPMS_Manager@quinnox.com','2016-01-07 10:27:50','2016-01-21 17:56:26','Employee'),(5396,'Ravinder Raturi','Mr','GP','QEPMS_Manager','RavinderR@quinnox.com','QEPMS_Manager@quinnox.com','2016-01-07 10:27:50','2016-01-21 17:56:26','Employee'),(5477,'Mukunda N','Mr','GP','QEPMS_Manager','MukundaN@quinnox.com','QEPMS_Manager@quinnox.com','2015-02-16 14:40:00','2016-01-21 17:56:26','Employee'),(5500,'Pavan Shekarappa','Mr','GP','QEPMS_Manager','PavanK@quinnox.com','QEPMS_Manager@quinnox.com','2016-01-07 10:27:50','2016-01-21 17:56:26','Employee'),(5560,'Aneesh Murthy','Mr','GP','QEPMS_Manager','AneeshM@quinnox.com','QEPMS_Manager@quinnox.com','2016-01-07 10:27:50','2016-01-21 17:56:26','Employee'),(5568,'Pankaja Tupsakri','Mrs','GP','QEPMS_Manager','PankajaT@quinnox.com','QEPMS_Manager@quinnox.com','2016-01-07 10:27:50','2016-01-21 17:56:26','Employee'),(5594,'Deepa Ravishankar','Miss','GP','QEPMS_Manager','Deeparavishankar@quinnox.com','QEPMS_Manager@quinnox.com','2016-01-07 10:27:50','2016-01-21 17:56:26','Employee'),(5631,'Akshstha Lourdu F','Mrs','MMI','Kavana B','akshathal@quinnox.com','kavanab@quinnox.com','2015-07-24 12:07:41','2015-07-24 12:07:41','Armg-manager'),(5633,'Ather Abbas','Mr','WM','Kavana','authera@quinnox.com','kavanab@quinnox.com','2015-09-24 15:12:00','2015-09-24 15:12:00','employee'),(5634,'Babitha S','Ms','WM','Akshatha L','babithas@quinnox.com','akshathal@quinnox.com','2015-09-09 12:40:52','2015-09-09 12:40:52','manager'),(5635,'Chethana P Singh','Mr','QEPMS','chethanap','ChethanaP@quinnox.com','ChethanaP@quinnox.com','2015-01-30 17:13:30','2015-01-30 17:13:30','manager'),(5636,'Gouthami S','Miss','WM','chethanap','gouthamis@quinnox.com','ChethanaP@quinnox.com','2015-09-03 14:20:00','2015-09-03 14:20:00','employee'),(5637,'Kavana B','Miss','GP','chethanap','kavanab@quinnox.com','kavanab@quinnox.com','2015-09-09 00:00:00','2015-09-09 00:00:00','Armg-manager'),(5639,'Sweta Khatana','Miss','GP','Chethanap','swetak@quinnox.com','chethanap@quinnox.com','2015-09-03 15:02:55','2015-09-03 15:04:37','employee'),(5689,'Goutham Reddy Anireddy','Mr','GP','QEPMS_Manager','GouthamReddyA@quinnox.com','QEPMS_Manager@quinnox.com','2016-01-07 10:27:50','2016-01-21 17:56:26','Employee'),(5708,'Nithin Chandra Parupalli','Mr','GP','QEPMS_Manager','NithinchandraP@quinnox.com','QEPMS_Manager@quinnox.com','2016-01-07 10:27:50','2016-01-21 17:56:26','Employee'),(5756,'Aarthi Palanisamy','Miss','WM','Vasudevan Vaiyapuri','aarthip@quinnox.com','aarthip@quinnox.com','2015-12-23 16:02:02','2015-12-23 16:02:02','Armg-manager'),(5837,'Dharmendra Kumar Kaushal','Mr','MMI','Arun C.R','dharmendrak@quinnox.com','dharmendrak@quinnox.com','2015-12-28 05:06:01','2015-12-28 05:06:01','Armg-manager'),(5867,'Alibharani Joshi','Miss','GP','QEPMS_Manager','AlibharaniJ@quinnox.com','QEPMS_Manager@quinnox.com','2016-01-07 10:27:50','2016-01-21 17:56:26','Employee'),(5870,'Anush B.M','Mr','GP','QEPMS_Manager','AnushB@quinnox.com','QEPMS_Manager@quinnox.com','2016-01-07 10:27:50','2016-01-21 17:56:26','Employee'),(5880,'Krutika M','Miss','WM','Vasudevan Vaiyapuri','krutikam@quinnox.com','krutikam@quinnox.com','2015-12-24 16:23:00','2015-12-24 16:23:00','Armg-manager'),(6012,'Akhila','Miss','GP','QEPMS_Manager','Akhila@quinnox.com','QEPMS_Manager@quinnox.com','2016-01-07 10:27:50','2016-01-21 17:56:26','Employee'),(6013,'Akshay Kumar Reddy Banda','Mr','GP','QEPMS_Manager','AkshaykumarB@quinnox.com','QEPMS_Manager@quinnox.com','2016-01-07 10:27:50','2016-01-21 17:56:26','Employee'),(6014,'Bharath BY','Mr','GP','QEPMS_Manager','BharathY@quinnox.com','QEPMS_Manager@quinnox.com','2016-01-07 10:27:50','2016-01-21 17:56:26','Employee'),(6017,'Reesha Zia','Miss','GP','QEPMS_Manager','ReeshaZ@quinnox.com','QEPMS_Manager@quinnox.com','2016-01-07 10:27:50','2016-01-21 17:56:26','Employee'),(6019,'Vinny Gulwani','Miss','GP','QEPMS_Manager','VinnyG@quinnox.com','QEPMS_Manager@quinnox.com','2016-01-07 10:27:50','2016-01-21 17:56:26','Employee'),(6021,'Kavyashree Karunakar','Miss','GP','QEPMS_Manager','KavyashreeK@quinnox.com','QEPMS_Manager@quinnox.com','2016-01-07 10:27:50','2016-01-21 17:56:26','Employee'),(6089,'Rama Rao Kunchala','Mr','GP','QEPMS_Manager','RamaRaoK@quinnox.com','QEPMS_Manager@quinnox.com','2016-01-07 10:27:50','2016-01-21 17:56:26','Employee'),(6090,'Dheerajpal Malik','Mr','GP','QEPMS_Manager','DheerajpalM@quinnox.com','QEPMS_Manager@quinnox.com','2016-01-07 10:27:50','2016-01-21 17:56:26','Employee'),(6102,'Richa Mate','Miss','GP','QEPMS_Manager','RichaM@quinnox.com','QEPMS_Manager@quinnox.com','2016-01-07 10:27:50','2016-01-21 17:56:26','Employee'),(6151,'Yashaswini R','Miss','GP','QEPMS_Manager','YashaswiniR@quinnox.com','QEPMS_Manager@quinnox.com','2016-01-07 10:27:50','2016-01-21 17:56:26','Employee'),(6152,'Chaithra Vrundha U','Miss','GP','QEPMS_Manager','ChaithraU@quinnox.com','QEPMS_Manager@quinnox.com','2016-01-07 10:27:50','2016-01-21 17:56:26','Employee'),(6153,'Sinchana K.N','Miss','GP','QEPMS_Manager','SinchanaN@quinnox.com','QEPMS_Manager@quinnox.com','2015-11-17 14:49:12','2016-01-21 17:56:26','Employee'),(6155,'Dhruva Nagaraj','Mr','GP','QEPMS_Manager','DhruvaN@quinnox.com','QEPMS_Manager@quinnox.com','2016-01-07 10:27:50','2016-01-21 17:56:26','Employee'),(6158,'Niranjan Rao. N','Mr','GP','QEPMS_Manager','NiranjanR@quinnox.com','QEPMS_Manager@quinnox.com','2016-01-07 10:27:50','2016-01-21 17:56:26','Employee'),(6160,'Spurthi Nimbalkar','Miss','GP','QEPMS_Manager','SpurthiN@quinnox.com','QEPMS_Manager@quinnox.com','2016-01-07 10:27:50','2016-01-21 17:56:26','Employee'),(6162,'Aakanksha Gupta','Miss','WM','Shashank','aakankshag@quinnox.com','aarthip@quinnox.com','2016-01-21 20:52:00','2016-01-21 20:52:00','Employee'),(6163,'Pavan Kumar K.L','Mr','GP','QEPMS_Manager','PavanKumarL@quinnox.com','QEPMS_Manager@quinnox.com','2015-11-17 14:49:12','2016-01-21 17:56:26','Employee'),(6168,'Ashwini N','Miss','GP','QEPMS_Manager','AshwiniN@quinnox.com','QEPMS_Manager@quinnox.com','2015-11-17 14:49:12','2016-01-21 17:56:26','Employee'),(6182,'Manish Narain Khatri','Mr','Moody\'s','Firoz Mohamed Khatri','ManishK@quinnox.com\r\n','FirozK@quinnox.com','2015-08-14 14:40:41','2015-08-14 14:40:41','manager'),(6189,'Salahuddin M','Mr','GP','QEPMS_Manager','SalahuddinM@quinnox.com','QEPMS_Manager@quinnox.com','2016-01-07 10:27:50','2016-01-21 17:56:26','Employee'),(6204,'Kumar Praveen Medisetty','Mr','GP','QEPMS_Manager','KumarM@quinnox.com','QEPMS_Manager@quinnox.com','2016-01-07 10:27:50','2016-01-21 17:56:26','Employee'),(9000,'QEPMS_Employee','Miss','QEPMS','QEPMS_Manager','QEPMS_Employee@quinnox.com','QEPMS_Manager@quinnox.com','2015-09-21 14:59:58','2015-09-21 14:59:58','employee'),(9001,'QEPMS_Manager','Mr','QEPMS','QEPMS_ARMG','QEPMS_Manager@quinnox.com','QEPMS_ARMG@quinnox.com','2015-09-21 14:59:58','2015-09-21 14:59:58','manager'),(9002,'QEPMS_ARMG','Mr','QEPMS','Vinodanan Raghavan','QEPMS_ARMG@quinnox.com','vinodanr@quinnox.com','2015-08-14 14:40:41','2015-09-21 14:59:58','Armg-manager'),(70352,'Vinay Chintala','Mr','GP','QEPMS_Manager','VinayC@quinnox.com','QEPMS_Manager@quinnox.com','2016-01-07 10:27:50','2016-01-21 17:56:26','Employee'),(70356,'Murali Mohan Vamsi','Mr','GP','QEPMS_Manager','MuraliV@quinnox.com','QEPMS_Manager@quinnox.com','2016-01-07 10:27:50','2016-01-21 17:56:26','Employee');
/*!40000 ALTER TABLE `employee_master` ENABLE KEYS */;
UNLOCK TABLES;

--
-- Table structure for table `project`
--

DROP TABLE IF EXISTS `project`;
/*!40101 SET @saved_cs_client     = @@character_set_client */;
/*!40101 SET character_set_client = utf8 */;
CREATE TABLE `project` (
  `ProjectId` int(11) NOT NULL AUTO_INCREMENT,
  `ResumeId` int(11) DEFAULT NULL,
  `ProjectName` varchar(50) DEFAULT NULL,
  `ClientName` varchar(50) DEFAULT NULL,
  `Duration` varchar(10000) DEFAULT NULL,
  `ProjectDesc` varchar(10000) DEFAULT NULL,
  `Role` varchar(255) DEFAULT NULL,
  `Responsibility` varchar(10000) DEFAULT NULL,
  `Environment` varchar(10000) DEFAULT NULL,
  `StartDate` varchar(50) DEFAULT '',
  `EndDate` varchar(50) DEFAULT '',
  `CreatedDate` datetime NOT NULL,
  `UpdatedDate` datetime NOT NULL,
  PRIMARY KEY (`ProjectId`),
  KEY `FKED904B19CDD04ACA` (`ResumeId`),
  CONSTRAINT `FKED904B19CDD04ACA` FOREIGN KEY (`ResumeId`) REFERENCES `resume` (`Resumeid`)
) ENGINE=InnoDB AUTO_INCREMENT=79 DEFAULT CHARSET=latin1;
/*!40101 SET character_set_client = @saved_cs_client */;

--
-- Dumping data for table `project`
--

LOCK TABLES `project` WRITE;
/*!40000 ALTER TABLE `project` DISABLE KEYS */;
INSERT INTO `project` VALUES (25,2050,'Test','Test ','Test','Test','Test','Test','Test',NULL,NULL,'2016-01-21 19:08:58','2016-01-21 19:08:58'),(26,2051,'Test','Test ','Test','Test','Test','Test','Test',NULL,NULL,'2016-01-22 11:05:10','2016-01-22 11:05:10'),(27,2052,'Test','Test ','Test','Test','Test','Test','Test',NULL,NULL,'2016-01-22 11:05:46','2016-01-22 11:05:46'),(29,2054,'WM Acorn','Waste Management ','1 year','WM partner with their customers and communities to manage and reduce waste from collection to disposal while recovering valuable resources and creating clean, renewable energy.\r\nThis is a broker application between customers and vendors.\r\nIt provides a wide range of waste and recycling services to help you remove materials that don','Developer','Understanding requirements, prepared unit test cases, Coding and unit','MVC',NULL,NULL,'2016-01-22 11:41:38','2016-01-22 11:41:38'),(30,2054,'Telguard','Telular Telguard ','8 months','Telguard is a dealer exclusively focused on giving independent security dealers the necessary tools \r\nto break their dependence on landlines for a profitable business. Benefiting from its simple installation, reliable operation, and over 25 years of wireless experience, it has grown to be one of America?s largest security communications solutions.\r\nThis project has been initiated as per the client?s requirements.\r\n Detailed reports and formats have been collected and implemented accordingly.','Developer','Understanding requirements, prepared unit test cases, Coding and unit','MVC',NULL,NULL,'2016-01-22 11:41:38','2016-01-22 11:41:38'),(31,2054,'FirstLook','Firstlook ','-','FirstLook Systems provides Retail Performance Management software for used car dealers.\r\n\r\nThe software supports Appraisals, Inventory Management, Stocking Recommendations and analytics to optimize retail performance.\r\n\r\n It offers innovative Software as a Service (SaaS) based inventory management systems that are \r\n\r\ntransforming the automotive industries. It also integrates with a number of books (data providers ) like KBB, BlackBook & others that helps buyers and sellers establish a common ground during the car buying \r\n\r\n It also supports the inventory and sales data from other dealer Management Systems (DMS) like Reynolds \r\n\r\n& Reynolds, SiS and ADP to their systems.','Developer','Understanding requirements, different layers, prepared unit test cases, Coding and unit testing.','MVC, 3 TIER architecture',NULL,NULL,'2016-01-22 11:41:38','2016-01-22 11:41:38'),(32,2055,'Test','Test ','Test','Test','Test','Test','Test',NULL,NULL,'2016-01-22 11:51:05','2016-01-22 11:51:05'),(34,2056,'Q-Parking','Quinnox ','1','Parking management system designed such that an employee has a reserved slot in parking based on his/her time of entry. ','Dev','Project planning, DB connectivity','Eclipse',NULL,NULL,'2016-01-22 12:48:00','2016-01-22 12:48:00'),(35,2057,'Q-Parking','Quinnox  ','1month','Parking management system for Quinnox. It allocates a parking slot for the employee based on the time of his/her entry. It also gives the amount of Parking slots which are occupied and those which are free.','Dev','Project planning, DB connectivity','Java',NULL,NULL,'2016-01-22 13:14:15','2016-01-22 13:14:15'),(36,2060,' Ebiz',' Waste Management(U.S.A)',' Feb 2015 -till present','Waste Management, Inc. is the leading provider of comprehensive waste and environmental services in North America. Headquartered in Houston, the company serves nearly 20 million municipal, commercial, industrial, and residential customers through a network of 367 collection operations, 355 transfer stations, 273 active landfill disposal sites, 16 waste-to-energy plants, 104 recycling plants, and 111 beneficial-use landfill gas projects.Waste Management integrates the commerce application into the existing e-business project. Commerce application is a combination of different Products that are available from Waste management like Dumpster,Lamptracker, SMB,Medical Waste .Commerce Application is developed based on commerce using Broad leaf Commerce API ,customers can easily buy the products as well as request for a service and make the payment on-line using credit card. Waste management Lamp Tracker, which collects and recycles universal waste lamps, mercury containing equipment and batteries, This will have the discount option for the customers. Dumpster is a container were people can used to place the waste for residential customers. SMB is also a part of Dumpster only for Business people.',' Team Member',' To analyze, work and resolve support tickets assigned to eBusiness. Write DML scripts for updating the product prices and its relevant environment. To monitor the production environment and automated jobs running everyday for payment and ordered related records submitted to MAS. To analyze, work and resolve issue reported on ezpayID. To run weekly report every Monday for status on Waste Management Lamptracker, which is reporting data, presented to the client. To monitor payment transaction on HP BSM(Business Service Management). ',' Eclipse, HTML, JSP, SQL Server ,MS-Office,Libre office, XML,IBM Websphere server.',NULL,NULL,'2016-01-22 14:01:07','2016-01-22 14:01:07'),(37,2060,' Intelligrated - 7 Eleven implementation',' Inteligrated',' Nov-Dec 2014','Intelligrated is a leading North American-based, single-source provider of intelligent automated material handling solutions that drive distribution and fulfillment productivity for retailers, manufacturers and logistics providers around the world. Through a broad portfolio of automation equipment, software, service and support, Intelligrated solutions optimize processes, increase efficiency and give businesses a competitive edge.Knighted, an Intelligrated Company, is a leading single-source providerof fulfillment execution systems, with a comprehensive suite of warehouse management (WMS), warehouse control (WCS), order fulfillment, labor management and supply chain business intelligence software.Intelligrated helps retailers, manufacturers and logistics providers build smarter distribution and fulfillment operations, using the right mix of automation, software and labor. Reliable, high-performance solutions from Intelligrated utilize innovative concepts, industry-leading automation equipment and advanced controls and software to optimize productivity. Automation that delivers means providing best-fit solutions backed by total lifecycle support, reliable project execution and a company-wide commitment to deliver on promises.',' Team Member',' UI fixes Small enhancements Facilitate problem solving and collaboration Creation of Builds',' Eclipse, HTML, JSP, SQL Server ,MS-Office,Libre office, XML',NULL,NULL,'2016-01-22 14:01:07','2016-01-22 14:01:07'),(38,2061,' Ebiz',' Waste Management(U.S.A)',' Feb 2015 -till present','Waste Management, Inc. is the leading provider of comprehensive waste and environmental services in North America. Headquartered in Houston, the company serves nearly 20 million municipal, commercial, industrial, and residential customers through a network of 367 collection operations, 355 transfer stations, 273 active landfill disposal sites, 16 waste-to-energy plants, 104 recycling plants, and 111 beneficial-use landfill gas projects.Waste Management integrates the commerce application into the existing e-business project. Commerce application is a combination of different Products that are available from Waste management like Dumpster,Lamptracker, SMB,Medical Waste .Commerce Application is developed based on commerce using Broad leaf Commerce API ,customers can easily buy the products as well as request for a service and make the payment on-line using credit card. Waste management Lamp Tracker, which collects and recycles universal waste lamps, mercury containing equipment and batteries, This will have the discount option for the customers. Dumpster is a container were people can used to place the waste for residential customers. SMB is also a part of Dumpster only for Business people.',' Team Member',' To analyze, work and resolve support tickets assigned to eBusiness. Write DML scripts for updating the product prices and its relevant environment. To monitor the production environment and automated jobs running everyday for payment and ordered related records submitted to MAS. To analyze, work and resolve issue reported on ezpayID. To run weekly report every Monday for status on Waste Management Lamptracker, which is reporting data, presented to the client. To monitor payment transaction on HP BSM(Business Service Management). ',' Eclipse, HTML, JSP, SQL Server ,MS-Office,Libre office, XML,IBM Websphere server.',NULL,NULL,'2016-01-22 14:02:01','2016-01-22 14:02:01'),(39,2061,' Intelligrated - 7 Eleven implementation',' Inteligrated',' Nov-Dec 2014','Intelligrated is a leading North American-based, single-source provider of intelligent automated material handling solutions that drive distribution and fulfillment productivity for retailers, manufacturers and logistics providers around the world. Through a broad portfolio of automation equipment, software, service and support, Intelligrated solutions optimize processes, increase efficiency and give businesses a competitive edge.Knighted, an Intelligrated Company, is a leading single-source providerof fulfillment execution systems, with a comprehensive suite of warehouse management (WMS), warehouse control (WCS), order fulfillment, labor management and supply chain business intelligence software.Intelligrated helps retailers, manufacturers and logistics providers build smarter distribution and fulfillment operations, using the right mix of automation, software and labor. Reliable, high-performance solutions from Intelligrated utilize innovative concepts, industry-leading automation equipment and advanced controls and software to optimize productivity. Automation that delivers means providing best-fit solutions backed by total lifecycle support, reliable project execution and a company-wide commitment to deliver on promises.',' Team Member',' UI fixes Small enhancements Facilitate problem solving and collaboration Creation of Builds',' Eclipse, HTML, JSP, SQL Server ,MS-Office,Libre office, XML',NULL,NULL,'2016-01-22 14:02:01','2016-01-22 14:02:01'),(40,2062,' Credit Card processing',' Training ','8days','Credit Card Processing System automates the credit card processing of XYZ Bank. XYZ Bank is entering newly into Credit Cards business to implement a state-of-the-art solution to complement its business strategy and to gain competitive advantage The new solution should provide strategic advantage to XYZ Bank by reducing time to market new financial products and meet the local retail requirements of Indian market.	','programmer','Coding and UI development','Eclipse,Tomcat Server',NULL,NULL,'2016-01-22 14:49:02','2016-01-22 14:49:02'),(41,2062,'CSR Search Engine','Training ','days','It is a search engine which enables the user to update the specific feilds by using the confirmation key.','Programmer','Coding and UI development','Eclipse,Tomcat Server',NULL,NULL,'2016-01-22 14:49:02','2016-01-22 14:49:02'),(42,2053,'Test','Test ','Test','Test','Test','Test','Test',NULL,NULL,'2016-01-22 14:57:35','2016-01-22 14:57:35'),(48,2063,'TSO','ZEBRA ','6 months','Its a rewrite of MSI code to Zebra specific','Developer','End to End','Oracle Fusion Middleware 11g',NULL,NULL,'2016-01-22 15:31:00','2016-01-22 15:31:00'),(50,2064,'TSO','ZEBRA ','1 month','Migration of code from Motorola Solutions Inc. (MSI) to ZEBRA','SOA Developer','End to End Developement','Oracle SOA 11g',NULL,NULL,'2016-01-22 15:38:19','2016-01-22 15:38:19'),(52,2059,'QParking','Quinnox ','1','Parking management system for Quinnox. Parking slots are reserved for an employee based on his/her arrival.','Dev','Project planning, DB Connectivity','Java',NULL,NULL,'2016-01-22 15:39:04','2016-01-22 15:39:04'),(53,2065,' Ebiz',' Waste Management(U.S.A)',' Feb 2015 -till present','Waste Management, Inc. is the leading provider of comprehensive waste and environmental services in North America. Headquartered in Houston, the company serves nearly 20 million municipal, commercial, industrial, and residential customers through a network of 367 collection operations, 355 transfer stations, 273 active landfill disposal sites, 16 waste-to-energy plants, 104 recycling plants, and 111 beneficial-use landfill gas projects.Waste Management integrates the commerce application into the existing e-business project. Commerce application is a combination of different Products that are available from Waste management like Dumpster,Lamptracker, SMB,Medical Waste .Commerce Application is developed based on commerce using Broad leaf Commerce API ,customers can easily buy the products as well as request for a service and make the payment on-line using credit card. Waste management Lamp Tracker, which collects and recycles universal waste lamps, mercury containing equipment and batteries, This will have the discount option for the customers. Dumpster is a container were people can used to place the waste for residential customers. SMB is also a part of Dumpster only for Business people.',' Team Member',' To analyze, work and resolve support tickets assigned to eBusiness. Write DML scripts for updating the product prices and its relevant environment. To monitor the production environment and automated jobs running everyday for payment and ordered related records submitted to MAS. To analyze, work and resolve issue reported on ezpayID. To run weekly report every Monday for status on Waste Management Lamptracker, which is reporting data, presented to the client. To monitor payment transaction on HP BSM(Business Service Management). ',' Eclipse, HTML, JSP, SQL Server ,MS-Office,Libre office, XML,IBM Websphere server.',NULL,NULL,'2016-01-22 15:41:48','2016-01-22 15:41:48'),(54,2065,' Intelligrated - 7 Eleven implementation',' Inteligrated',' Nov-Dec 2014','Intelligrated is a leading North American-based, single-source provider of intelligent automated material handling solutions that drive distribution and fulfillment productivity for retailers, manufacturers and logistics providers around the world. Through a broad portfolio of automation equipment, software, service and support, Intelligrated solutions optimize processes, increase efficiency and give businesses a competitive edge.Knighted, an Intelligrated Company, is a leading single-source providerof fulfillment execution systems, with a comprehensive suite of warehouse management (WMS), warehouse control (WCS), order fulfillment, labor management and supply chain business intelligence software.Intelligrated helps retailers, manufacturers and logistics providers build smarter distribution and fulfillment operations, using the right mix of automation, software and labor. Reliable, high-performance solutions from Intelligrated utilize innovative concepts, industry-leading automation equipment and advanced controls and software to optimize productivity. Automation that delivers means providing best-fit solutions backed by total lifecycle support, reliable project execution and a company-wide commitment to deliver on promises.',' Team Member',' UI fixes Small enhancements Facilitate problem solving and collaboration Creation of Builds',' Eclipse, HTML, JSP, SQL Server ,MS-Office,Libre office, XML',NULL,NULL,'2016-01-22 15:41:48','2016-01-22 15:41:48'),(55,2067,' Intelligrated - 7 Eleven implementation',' Inteligrated',' Nov-Dec 2014','Intelligrated is a leading North American-based, single-source provider of intelligent automated material handling solutions that drive distribution and fulfillment productivity for retailers, manufacturers and logistics providers around the world. Through a broad portfolio of automation equipment, software, service and support, Intelligrated solutions optimize processes, increase efficiency and give businesses a competitive edge.Knighted, an Intelligrated Company, is a leading single-source providerof fulfillment execution systems, with a comprehensive suite of warehouse management (WMS), warehouse control (WCS), order fulfillment, labor management and supply chain business intelligence software.Intelligrated helps retailers, manufacturers and logistics providers build smarter distribution and fulfillment operations, using the right mix of automation, software and labor. Reliable, high-performance solutions from Intelligrated utilize innovative concepts, industry-leading automation equipment and advanced controls and software to optimize productivity. Automation that delivers means providing best-fit solutions backed by total lifecycle support, reliable project execution and a company-wide commitment to deliver on promises.',' Team Member',' UI fixes Small enhancements Facilitate problem solving and collaboration Creation of Builds',' Eclipse, HTML, JSP, SQL Server ,MS-Office,Libre office, XML',NULL,NULL,'2016-01-27 19:26:01','2016-01-27 19:26:01'),(56,2067,' Ebiz',' Waste Management(U.S.A)',' Feb 2015 -till present','Waste Management, Inc. is the leading provider of comprehensive waste and environmental services in North America. Headquartered in Houston, the company serves nearly 20 million municipal, commercial, industrial, and residential customers through a network of 367 collection operations, 355 transfer stations, 273 active landfill disposal sites, 16 waste-to-energy plants, 104 recycling plants, and 111 beneficial-use landfill gas projects.Waste Management integrates the commerce application into the existing e-business project. Commerce application is a combination of different Products that are available from Waste management like Dumpster,Lamptracker, SMB,Medical Waste .Commerce Application is developed based on commerce using Broad leaf Commerce API ,customers can easily buy the products as well as request for a service and make the payment on-line using credit card. Waste management Lamp Tracker, which collects and recycles universal waste lamps, mercury containing equipment and batteries, This will have the discount option for the customers. Dumpster is a container were people can used to place the waste for residential customers. SMB is also a part of Dumpster only for Business people.',' Team Member',' To analyze, work and resolve support tickets assigned to eBusiness. Write DML scripts for updating the product prices and its relevant environment. To monitor the production environment and automated jobs running everyday for payment and ordered related records submitted to MAS. To analyze, work and resolve issue reported on ezpayID. To run weekly report every Monday for status on Waste Management Lamptracker, which is reporting data, presented to the client. To monitor payment transaction on HP BSM(Business Service Management). ',' Eclipse, HTML, JSP, SQL Server ,MS-Office,Libre office, XML,IBM Websphere server.',NULL,NULL,'2016-01-27 19:26:01','2016-01-27 19:26:01'),(58,2068,'D&#257;tu Health Persuasion Engine',' D&#257;tu Health, Inc. ','7 months','At the core of the Datu Persuasion Engine is a robust and flexible rules engine that controls the behavior of all various components. This includes the ability for various users (administrators, program managers, coaches, educators, participants) to manage the following: Community Rules, Program Rules, and Tile Rules. Screens and Tools are required for various users to create and modify rules within the overall Persuasion Engine. ','Report and BI Developer','Understand the business requirement (user stories)\r\nDevelop and test of Utility Framework\r\nBuild test driven development of rules using Drools','Eclipse, Java, Windows , Javascripts, D3js Library',NULL,NULL,'2016-02-01 11:20:05','2016-02-01 11:20:05'),(67,2071,'RSD(Remote Software Development)','Motorola Mobility Inc. ','3 Months','The Project MMI, Simplify, about Mobility ','Software Engineer','Planning according to the issue.\r\nFacilitate problem solving and collaboration Intervene when necessary to aid the group in resolving issues\r\nMotivate and inspire team members\r\nEnsure deliverables are prepared to satisfy the project requirements, cost, schedule and quality\r\n','Java with frameworks, oracle Database',NULL,NULL,'2016-02-01 12:16:44','2016-02-01 12:16:44'),(68,2071,'Zebra (oracle apps)','Zebra ','6 months','its all about testing the applications whether the conversion of data as done or not.','Testing','Manual Testing & Preparation of Test Case\r\nCustomer Acceptance Test\r\nEnd User Training and Support\r\nIntervene when necessary to aid the group in resolving issues\r\nMotivate and inspire team members\r\nEnsure deliverables are prepared to satisfy the project requirements, cost and schedule\r\n','Oracle Apps, siebel CRM, HP-ALM, SFDC',NULL,NULL,'2016-02-01 12:16:44','2016-02-01 12:16:44'),(69,2072,'Trilogy Exit','Zebra ','4 months','Zebra Technologies Inc. has acquired the Enterprise Mobility Business division of Motorola Solutions Inc.; the Enterprise business is now identified and defined within Zebra Technologies as the Enterprise Visibility and Mobility (EVM) Business. Legacy Zebra Technologies Inc. consists of the Printer Business, Mobile Computing and RFID, Aftermarket and Supplies businesses within Zebra Technologies Inc. This business is identified and defined as the Asset Identification and Tracking (AIT) Business. \r\nProject Trilogy Exit is the Oracle R12 ERP Integration Project focused on integrating the EVM business and the AIT Business into one instance of Oracle R12. Currently both the EVM and the AIT Business?s support and run on Oracle R12. AIT functions on Oracle R12 R12.1.1, and EVM functions on Oracle R12 R12.1.3. Project Trilogy Exit Scope is to onboard the EVM business on to the AIT Oracle R12 R12.1.1 version and footprint.\r\n','Senior Consultant','? Perform functional testing of the module FTP (Forecast To Pay) scenarios as per the requirement.\r\n? Responsible for writing the detailed steps for all the high level test cases related to End To End scenarios related to FTP process.\r\n? Understanding the business requirements.\r\n? Understanding of the Oracle ERP modules such as AR, AP, GL, OM, iProcurement\r\n? Understanding of the Forecasting and Planning concepts of Demantra and implying the reference of the same in the E2E scenarios of FTP.\r\n? Basic knowledge of ALM (Application Lifecycle Management)\r\n? Understanding of the Oracle ERP instance and the basics of Siebel CRM\r\n? Coordination with onsite and offshore counterparts for the respective test cases as FTP involves multiple modules.\r\n? Basic knowledge about the 3PL processes.\r\n','Oracle ERP (AR, AP, GL, OM, iProcurement, CST modules), ZCM (E2Open), Demand Planning (Demantra) and Supply Planning.',NULL,NULL,'2016-02-01 14:36:20','2016-02-01 14:36:20'),(70,2073,' Intelligrated - 7 Eleven implementation',' Inteligrated',' Nov-Dec 2014','Intelligrated is a leading North American-based, single-source provider of intelligent automated material handling solutions that drive distribution and fulfillment productivity for retailers, manufacturers and logistics providers around the world. Through a broad portfolio of automation equipment, software, service and support, Intelligrated solutions optimize processes, increase efficiency and give businesses a competitive edge.Knighted, an Intelligrated Company, is a leading single-source providerof fulfillment execution systems, with a comprehensive suite of warehouse management (WMS), warehouse control (WCS), order fulfillment, labor management and supply chain business intelligence software.Intelligrated helps retailers, manufacturers and logistics providers build smarter distribution and fulfillment operations, using the right mix of automation, software and labor. Reliable, high-performance solutions from Intelligrated utilize innovative concepts, industry-leading automation equipment and advanced controls and software to optimize productivity. Automation that delivers means providing best-fit solutions backed by total lifecycle support, reliable project execution and a company-wide commitment to deliver on promises.',' Team Member',' UI fixes Small enhancements Facilitate problem solving and collaboration Creation of Builds',' Eclipse, HTML, JSP, SQL Server ,MS-Office,Libre office, XML',NULL,NULL,'2016-02-01 20:30:19','2016-02-01 20:30:19'),(71,2073,' Ebiz',' Waste Management(U.S.A)',' Feb 2015 -till present','Waste Management, Inc. is the leading provider of comprehensive waste and environmental services in North America. Headquartered in Houston, the company serves nearly 20 million municipal, commercial, industrial, and residential customers through a network of 367 collection operations, 355 transfer stations, 273 active landfill disposal sites, 16 waste-to-energy plants, 104 recycling plants, and 111 beneficial-use landfill gas projects.Waste Management integrates the commerce application into the existing e-business project. Commerce application is a combination of different Products that are available from Waste management like Dumpster,Lamptracker, SMB,Medical Waste .Commerce Application is developed based on commerce using Broad leaf Commerce API ,customers can easily buy the products as well as request for a service and make the payment on-line using credit card. Waste management Lamp Tracker, which collects and recycles universal waste lamps, mercury containing equipment and batteries, This will have the discount option for the customers. Dumpster is a container were people can used to place the waste for residential customers. SMB is also a part of Dumpster only for Business people.',' Team Member',' To analyze, work and resolve support tickets assigned to eBusiness. Write DML scripts for updating the product prices and its relevant environment. To monitor the production environment and automated jobs running everyday for payment and ordered related records submitted to MAS. To analyze, work and resolve issue reported on ezpayID. To run weekly report every Monday for status on Waste Management Lamptracker, which is reporting data, presented to the client. To monitor payment transaction on HP BSM(Business Service Management). ',' Eclipse, HTML, JSP, SQL Server ,MS-Office,Libre office, XML,IBM Websphere server.',NULL,NULL,'2016-02-01 20:30:19','2016-02-01 20:30:19'),(72,2074,' Intelligrated - 7 Eleven implementation',' Inteligrated',' Nov-Dec 2014','Intelligrated is a leading North American-based, single-source provider of intelligent automated material handling solutions that drive distribution and fulfillment productivity for retailers, manufacturers and logistics providers around the world. Through a broad portfolio of automation equipment, software, service and support, Intelligrated solutions optimize processes, increase efficiency and give businesses a competitive edge.Knighted, an Intelligrated Company, is a leading single-source providerof fulfillment execution systems, with a comprehensive suite of warehouse management (WMS), warehouse control (WCS), order fulfillment, labor management and supply chain business intelligence software.Intelligrated helps retailers, manufacturers and logistics providers build smarter distribution and fulfillment operations, using the right mix of automation, software and labor. Reliable, high-performance solutions from Intelligrated utilize innovative concepts, industry-leading automation equipment and advanced controls and software to optimize productivity. Automation that delivers means providing best-fit solutions backed by total lifecycle support, reliable project execution and a company-wide commitment to deliver on promises.',' Team Member',' UI fixes Small enhancements Facilitate problem solving and collaboration Creation of Builds',' Eclipse, HTML, JSP, SQL Server ,MS-Office,Libre office, XML',NULL,NULL,'2016-02-01 20:31:36','2016-02-01 20:31:36'),(73,2074,' Ebiz',' Waste Management(U.S.A)',' Feb 2015 -till present','Waste Management, Inc. is the leading provider of comprehensive waste and environmental services in North America. Headquartered in Houston, the company serves nearly 20 million municipal, commercial, industrial, and residential customers through a network of 367 collection operations, 355 transfer stations, 273 active landfill disposal sites, 16 waste-to-energy plants, 104 recycling plants, and 111 beneficial-use landfill gas projects.Waste Management integrates the commerce application into the existing e-business project. Commerce application is a combination of different Products that are available from Waste management like Dumpster,Lamptracker, SMB,Medical Waste .Commerce Application is developed based on commerce using Broad leaf Commerce API ,customers can easily buy the products as well as request for a service and make the payment on-line using credit card. Waste management Lamp Tracker, which collects and recycles universal waste lamps, mercury containing equipment and batteries, This will have the discount option for the customers. Dumpster is a container were people can used to place the waste for residential customers. SMB is also a part of Dumpster only for Business people.',' Team Member',' To analyze, work and resolve support tickets assigned to eBusiness. Write DML scripts for updating the product prices and its relevant environment. To monitor the production environment and automated jobs running everyday for payment and ordered related records submitted to MAS. To analyze, work and resolve issue reported on ezpayID. To run weekly report every Monday for status on Waste Management Lamptracker, which is reporting data, presented to the client. To monitor payment transaction on HP BSM(Business Service Management). ',' Eclipse, HTML, JSP, SQL Server ,MS-Office,Libre office, XML,IBM Websphere server.',NULL,NULL,'2016-02-01 20:31:36','2016-02-01 20:31:36'),(74,2075,'edrf','etwet ','2','fgsdfg','dsfsef','fgf','fgfg',NULL,NULL,'2016-02-01 20:56:57','2016-02-01 20:56:57'),(75,2076,'edrf','etwet ','2','fgsdfg','dsfsef','fgf','fgfg',NULL,NULL,'2016-02-02 17:36:27','2016-02-02 17:36:27'),(76,2077,'edrf','etwet ','2','fgsdfg','dsfsef','fgf','fgfg',NULL,NULL,'2016-02-02 17:36:53','2016-02-02 17:36:53'),(78,2078,'edrf','etwet ','2','fgsdfg','dsfsef','fgf','fgfg',NULL,NULL,'2016-02-02 17:37:46','2016-02-02 17:37:46');
/*!40000 ALTER TABLE `project` ENABLE KEYS */;
UNLOCK TABLES;

--
-- Table structure for table `resume`
--

DROP TABLE IF EXISTS `resume`;
/*!40101 SET @saved_cs_client     = @@character_set_client */;
/*!40101 SET character_set_client = utf8 */;
CREATE TABLE `resume` (
  `Resumeid` int(11) NOT NULL AUTO_INCREMENT,
  `EmployeeId` int(11) DEFAULT NULL,
  `TotalExperience` varchar(20) DEFAULT NULL COMMENT 'year<50',
  `RelevantExperience` varchar(20) DEFAULT NULL COMMENT 'year<50',
  `Domain` varchar(60) DEFAULT NULL,
  `Certification` varchar(20000) DEFAULT NULL,
  `ProfessionalSummary` varchar(20000) DEFAULT NULL,
  `Comments` varchar(100) DEFAULT NULL,
  `EmployeeSumbissionStatus` varchar(10) DEFAULT NULL,
  `ManagerApprovalStatus` varchar(8) DEFAULT NULL,
  `CreatedDate` datetime NOT NULL,
  `UpdatedDate` datetime NOT NULL,
  `ApprovedDate` datetime DEFAULT NULL,
  `RejectedDate` datetime DEFAULT NULL,
  PRIMARY KEY (`Resumeid`),
  KEY `FKC84DC82DD767628E` (`EmployeeId`),
  CONSTRAINT `FKC84DC82DD767628E` FOREIGN KEY (`EmployeeId`) REFERENCES `employee_master` (`EmpId`)
) ENGINE=InnoDB AUTO_INCREMENT=2079 DEFAULT CHARSET=latin1;
/*!40101 SET character_set_client = @saved_cs_client */;

--
-- Dumping data for table `resume`
--

LOCK TABLES `resume` WRITE;
/*!40000 ALTER TABLE `resume` DISABLE KEYS */;
INSERT INTO `resume` VALUES (2050,5880,'1 Years 4 Months','1 Years 1 Months','Test','Test','Test','Test','SUBMITTED','APPROVED','2016-01-21 19:08:58','2016-01-21 19:08:58','2016-01-21 00:00:00',NULL),(2051,5880,'1 Years 4 Months','1 Years 1 Months','Test','Test','Test',NULL,'NA','PENDING','2016-01-22 11:05:10','2016-01-22 11:05:10',NULL,NULL),(2052,5880,'1 Years 4 Months','1 Years 1 Months','Test','Test','Test','TEST','SUBMITTED','APPROVED','2016-01-22 11:05:46','2016-01-22 11:05:46','2016-01-22 00:00:00',NULL),(2053,5880,'1 Years 5 Months','1 Years 2 Months','Test','Test','Test','Test','SUBMITTED','APPROVED','2016-01-22 11:06:13','2016-01-22 14:57:35','2016-01-22 00:00:00','2016-01-22 00:00:00'),(2054,5568,'2 Years 2 Months','2 Years 1 Months','Retail Domain','-','* Good working knowledge on Application development and maintenance life cycle process.\r\n\r\n* Experienced in MS SQL Server 2008.\r\n\r\n* Experienced in Programming and Testing of web, Windows and Distributed applications.\r\n\r\n* Polished and professional communication and collaborative abilities.\r\n\r\n* Good knowledge on BMC,Ticket(issue) Tracking tool.',NULL,'SUBMITTED','PENDING','2016-01-22 11:41:38','2016-01-22 11:41:38',NULL,NULL),(2055,5880,'1 Years 4 Months','1 Years 1 Months','Test','Test','Test','Test','SUBMITTED','APPROVED','2016-01-22 11:51:05','2016-01-22 11:51:05','2016-01-22 00:00:00',NULL),(2056,6155,' Years 5 Months',' Years 5 Months','Middleware','','Being Self-motivated and inspire team members. \r\nGood learning skills and applicability of concepts.\r\nExperimenting and learning new technologies, methods.\r\n',NULL,'PENDING','PENDING','2016-01-22 12:48:00','2016-01-22 12:48:00',NULL,NULL),(2057,6155,'5 Years 5 Months','5 Years 5 Months','Middleware','','Being Self-motivated and inspire team members. \r\nGood learning skills and applicability of concepts.\r\nExperimenting and learning new technologies, methods.\r\n',NULL,'PENDING','PENDING','2016-01-22 13:14:15','2016-01-22 13:14:15',NULL,NULL),(2058,6012,'0 Years 10 Months','0 Years 7 Months','','','1)Experience in design and implementation of Integrations using TALEND open studio.\r\n2)Knowledge in Oracle SOA Suite 10g, 11g.\r\n3)Trained on Webmethods, Siebel CRM systems, Oracle Fusion Middleware, ODI and Java.',NULL,'PENDING','PENDING','2016-01-22 13:17:39','2016-01-22 13:23:19',NULL,NULL),(2059,6155,'0 Years 5 Months','0 Years 5 Months','Middleware','','Being Self-motivated and inspire team members. \r\nGood learning skills and applicability of concepts.\r\nExperimenting and learning new technologies, methods.\r\n',NULL,'SUBMITTED','PENDING','2016-01-22 13:25:42','2016-01-22 15:39:04',NULL,NULL),(2060,5756,' 1 Year 4 Months',' 1 Year 1 Month',' ',NULL,'Experience in small projects on core java and advanced java. \r\n Knowledge in GUI Design (Web, Window). \r\n Skills in a number of programming languages, tools and technologies. \r\n Worked for INTELLIGRATED .Currently working for WM-Ebiz. \r\n Experience in debugging some real time java projects and UI defects. \r\n ','Uploaded by RMG Team','SUBMITTED','APPROVED','2016-01-22 14:01:07','2016-01-22 14:01:07','2016-01-22 14:01:07',NULL),(2061,5756,'1 Years 5 Months','1 Years 3 Months',' ','','Experience in small projects on core java and advanced java. \r\n Knowledge in GUI Design (Web, Window). \r\n Skills in a number of programming languages, tools and technologies. \r\n Worked for INTELLIGRATED .Currently working for WM-Ebiz. \r\n Experience in debugging some real time java projects and UI defects. \r\n ','Approved','SUBMITTED','APPROVED','2016-01-22 14:02:01','2016-01-22 14:02:01','2016-01-22 00:00:00',NULL),(2062,6153,'0 Years 5 Months','0 Years 1 Months','','','\r\nSkills in a number of programming languages, tools and technologies.\r\nTrained on Core Java, RDBMS, Advance java.\r\n',NULL,'SUBMITTED','PENDING','2016-01-22 14:49:02','2016-01-22 14:49:02',NULL,NULL),(2063,5095,'7 Years 6 Months','4 Years 6 Months','Middleware','Oracle SOA 11g Practitioner ','Professional Summary:\r\n	7.6 Years of total IT experience.\r\n	4.6 Years of IT experience in Fusion Middleware, enterprise Application that involves extensive development work in ORACLE SOA SUITE 11.1.1.7, 11.1.1.6, 11.1.1.3 and 10.1.3.3\r\n	Proven Expertise on Oracle fusion middleware products like BPEL, ESB, Mediators, OBRE, BAM, JDeveloper, Eclipse, OC4J and Web logic server. Oracle Service bus 11g, OAG 11g.\r\n	Worked on web based technologies like XML, WSDL, XSD, XQuery, XPath and XSLT, Jboss & Tomcat.\r\n	Preparing POC according to client requirements.\r\n	Excellent application Development Skills, Strong Debugging & Problem solving skills.\r\n	Good communication, collaboration & team building skills with proficiency in grasping new technical concepts.\r\n	Good interpersonal skills, result oriented, hard working with a quest and zeal to learn new technologies and undertake challenging tasks.\r\n	Expertise with BPEL process Orchestration and Enterprise Service Bus (ESB) for integrating enterprise applications, Databases, legacy applications, Flat Files and Portals.\r\n	Experienced with Full Project life cycle and well versed with AIM, SDLC and Agile methodologies.\r\n	Good knowledge on PL\\SQL, Java and Liferay.\r\n\r\nTechnical Skills: \r\nLanguages	BPEL, C, Java\r\nWeb Technologies	Webservices\r\nMarkup Languages	HTML, XML\r\nScripting languages	JavaScript, VBScript\r\nXML Technologies	XML, XSL, XSLT, XPATH, SOAP, WSDL, CSS\r\nRDBMS	Oracle 8i-10g \r\nPackages	MS-Office , MS-Visio 2003/2007/2010\r\nOperating Systems	Windows 2000-XP-7-8, Sun Solaris\r\nIDE	Jdeveloper, Eclipse\r\nDatabase Technologies	RDO, ADODB, OLEDB, ADO.Net\r\nWeb Servers	Weblogic\r\nVersioning Tools	Clear Case, SVN\r\nAdvanced Concepts	Webservices, JMS\r\nReporting Tools	SQL Server Reports, Crystal Reports, OBIEE\r\nOpen Sources	 Java Liferay 6.2\r\nThird Party S/W	HP Kintana, Microsoft testing tools, Informatica \r\n\r\nProfessional Experience:\r\n\r\nClient Name: Zebra\r\nDuration: 6 Months\r\nProject Name: Zebra TSO R1 Release\r\nRole: Developer\r\nProject Brief:			 \r\nRewriting the existing MSI TSO SOA code for Zebra TSO, in this we are going to release R0 and R1.\r\n\r\nResponsibilities:\r\n	Understanding the Requirements and Design Specifications.\r\n	Involved in development of end to end and testing end ? end mechanism.\r\n	Worked on fine tuning and all SOA components.\r\n	Used JDeveloper IDE for coding.\r\n	Interacting with Client and updating personal and team status.\r\n	Check-in and check-out of source code in to version control tools (CVS).\r\n\r\nEnvironment: Weblogic, Jdeveloper (IDE)\r\n\r\n\r\nClient Name: DATU\r\nDuration: 3 Months\r\nProject Name: DATU Health\r\nRole: Developer\r\nProject Brief:			 \r\nDatu Health?s goal is to be make healthcare readily available to providers, patients, payers, and care circles.\r\n\r\nResponsibilities:\r\n	Understanding the Requirements and Design Specifications.\r\n	Involving in developing of JavaLiferay using liferayStudio.\r\n	Interacting with Client and updating personal and team status.\r\n	Check-in and check-out of source code in to version control tools (SVN).\r\n\r\nEnvironment: Tomcat, Jboss & Eclipse Juno (IDE)\r\n\r\n\r\n\r\nClient Name: Motorola Solutions Inc.\r\nDuration: 4 Months\r\nProject Name: Treasury\r\nRole: Middleware developer\r\nProject Brief:			 \r\nCurrently Trilogy EBS R12 system is receiving Journal entries feed from FX system.\r\nAs part of Treasury project, Motorola Solutions has decided to replace the FX system with SaaS (\"cloud\") based application SunGard. Treasury program aims to design, develop and implement simple and efficient services. \r\nWith Treasury SaaS project implementation Journal entries data will now be received from SunGard to Trilogy EBS R12 via Fusion Middleware integration. MSI will pull GL files from SunGard and transfer to Trilogy EBS R12 via SFTP.\r\n\r\nResponsibilities:\r\n	Understanding the Requirements and Design Specifications.\r\n	Involved in the development one interface and testing end ? end mechanism.\r\n	Worked on fine tuning of DB adapters.\r\n	Used common error handling web service to handle common errors in different services.\r\n	Used Jdeveloper IDE for coding.\r\n	Interacting with Client and updating personal and team status.\r\n	Check-in and check-out of source code in to version control tools (ClearCase).\r\n	Code deployment using HP Kintana tool.\r\n\r\nEnvironment: SOA Suite 11g (BPEL, Mediator, File Adapter, Ftp Adapter, DB Adapter, Email Activity, Java Embedding, BMC Ticketing Service, External Webservices, SFTP, Metadata services) WinScp, jDeveloper, SQL Developer, Clear Case, Kintana.\r\n\r\n\r\n\r\nClient Name: Motorola Solutions Inc.\r\nDuration: 7 Months\r\nProject Name: OAG-OSB Project \r\nRole: Middleware developer\r\nProject Brief:			 \r\nOAG-OSB build is a migration project from Forum system. Providing security to the existing web services and newly on boarded web services available in the Motorola Solutions.\r\nProving authentications and authorization is the basic theme to implement in this migration.\r\n\r\nResponsibilities:\r\n	Understanding the Requirements and Design Specifications.\r\n	Involved in On boarding the web services and testing end ? end mechanism.\r\n	Implemented reporting mechanism for the overall dashboard view.\r\n	Reporting implemented using DB adapter configurations\r\n	Worked on fine tuning of DB adapters.\r\n	Developed common error handling web service to handle common errors in different services.\r\n	Used Eclipse IDE for coding.\r\n	Interacting with Client and updating personal and team status.\r\n	Check-in and check-out of source code in to version control tools (ClearCase).\r\n	Code deployment using HP Kintana tool.\r\n\r\nEnvironment: OAG, OSB, WebLogic Server, Eclipse Indigo (IDE), Clearcase, kintana.\r\n\r\n\r\n\r\nClient Name: Motorola Solutions Inc.\r\nDuration: 1 Year 6 Months\r\nProject Name: iMonit\r\nRole: Middleware developer & L3 Support\r\nProject Brief:\r\nMotorola Solutions has taken an initiative to create monitoring layer on all its integrations developed between internal Motorola systems and with B2B clients, the solution is called iMonit. The approach is to develop a generic monitoring framework having capabilities to take any new integration on-board with minimal effort. The framework provides several key performance indicators and monitors for real time monitoring of integrations. The data model of framework will be scalable enough to generate new on-demand analysis reports. The framework will be exposed via different methods so that any system can use it for integration monitoring purposes.\r\n\r\nResponsibilities:\r\nUnderstanding the Requirements and Design Specifications.\r\nInvolved in on boarding the integrations in all environments.\r\nCreating build plan documents for the production GO-Live.\r\nMonitoring the on boarded and existing integrations and taking the necessary actions if required.\r\nImplementing Alert mechanism by using Business Rules for all the integrations.\r\nUsed JDeveloper IDE for coding BPEL Process Models.\r\nInteracting with Client and updating personal and team status.\r\nCheck-in and check-out of source code in to version control tools (ClearCase).\r\nCode deployment using HP Kintana tool.\r\n\r\nEnvironment: SOA Suite 11g (BPEL, Mediator, File Adapter, Ftp Adapter, DB Adapter, Email Activity, Java Embedding, BMC Ticketing Service, External Webservices, SFTP, Metadata services) WinScp, jDeveloper, SQL Developer, Clear Case, Kintana, OBIEE.\r\n\r\n\r\n\r\n\r\n','Please fill the required fields','SUBMITTED','PENDING','2016-01-22 15:16:37','2016-01-22 15:31:00',NULL,'2016-01-22 00:00:00'),(2064,6014,'0 Years 10 Months','0 Years 10 Months','Middleware','','Being Self-motivated and inspire team members. \r\nGood learning skills and applicability of concepts.\r\nExperimenting and learning new technologies, methods.',NULL,'PENDING','PENDING','2016-01-22 15:38:19','2016-01-22 15:38:19',NULL,NULL),(2065,5756,' 1 Year 4 Months',' 1 Year 1 Month',' ',NULL,' Experience in small projects on core java and advanced java. \r\n Knowledge in GUI Design (Web, Window). \r\n Skills in a number of programming languages, tools and technologies. \r\n Worked for INTELLIGRATED .Currently working for WM-Ebiz. \r\n Experience in debugging some real time java projects and UI defects. \r\n ','Uploaded by RMG Team','SUBMITTED','APPROVED','2016-01-22 15:41:48','2016-01-22 15:41:48','2016-01-22 15:41:48',NULL),(2066,5880,' 4 Months',' 1 Month',' ',NULL,' Experience in small projects on core java and advanced java \r\n  Knowledge in GUI Design (Web, Window) \r\n  Skills in a number of programming languages, tools and technologies \r\n  Experience in debugging some real time java projects \r\n  Currently working on WM-Ebiz','Uploaded by RMG Team',NULL,'APPROVED','2016-01-22 15:42:30','2016-01-22 15:42:30','2016-01-22 15:42:30',NULL),(2067,5756,'1 Years 6 Months','1 Years 3 Months',' ','','??? Experience in small projects on core java and advanced java. \r\n Knowledge in GUI Design (Web, Window). \r\n Skills in a number of programming languages, tools and technologies. \r\n Worked for INTELLIGRATED .Currently working for WM-Ebiz. \r\n Experience in debugging some real time java projects and UI defects. \r\n ','Reject','PENDING','REJECTED','2016-01-27 19:26:01','2016-01-29 20:15:07',NULL,'2016-01-29 00:00:00'),(2068,5867,'1 Years 3 Months','1 Years 2 Months','Core Java, Oracle EBS','','Strong conceptual background using OOP methodology (Java)\r\nKnowledge in web Designing (Web application)\r\nKnowledge in webmethods (Designer)\r\nWell Verse With business process flows in Procure to Pay (P2P) and Order To Cash (O2C) Cycles\r\nInvolved in testing process flow of Finance Modules like Accounts Payables, Accounts Receivables, Purchasing, P2P and O2C.',NULL,'SUBMITTED','PENDING','2016-02-01 11:06:13','2016-02-01 11:20:05',NULL,NULL),(2071,6013,'10 Years  Months','10 Years  Months','Development, Testing & Basics of Frontend','in java','10 Months of extensive experience in Application design, developing and implementation Software Developer.\r\nExperience in Testing of Oracle Apps.\r\nComprehensive knowledge of software design and implementations using Java.\r\n',NULL,'PENDING','PENDING','2016-02-01 12:16:44','2016-02-01 12:16:44',NULL,NULL),(2072,4803,'5 Years 6 Months','5 Years 6 Months','','','?	More than a year of experience in IT industry with a wide range of experience in analysis, design, development of Oracle Reports using SQL and PL/SQL.\r\n?	Expertise in developing Oracle Reports i.e.; Using XML Publisher and Oracle Report Builder\r\n?	Around 3.5 years of experience on Oracle SOA suite 11g.\r\n?	Around 1.5 years of experience on Oracle ERP R12.\r\n?	Worked extensively on Oracle available modules such as Fixed Assets, Account Receivable, Account Payables, HRMS, Project Accounting and Planning Module.\r\n?	Basic knowledge of OBIEE reports.\r\n?	Experienced in preparing MD 70 for reports and understanding of MD50s.\r\n?	Expertise in developing LDT\'s and code pack.\r\n',NULL,'SUBMITTED','PENDING','2016-02-01 14:36:20','2016-02-01 14:36:20',NULL,NULL),(2073,5756,'1 Years 6 Months','1 Years 3 Months',' ZX','caSD','??? Experience in small projects on core java and advanced java. \r\n Knowledge in GUI Design (Web, Window). \r\n Skills in a number of programming languages, tools and technologies. \r\n Worked for INTELLIGRATED .Currently working for WM-Ebiz. \r\n Experience in debugging some real time java projects and UI defects. \r\n ','reject','SUBMITTED','APPROVED','2016-02-01 20:30:19','2016-02-01 20:30:19','2016-02-01 00:00:00',NULL),(2074,5756,'1 Years 6 Months','1 Years 3 Months',' ZX','caSD','a Experience in small projects on core java and advanced java. \r\n Knowledge in GUI Design (Web, Window). \r\n Skills in a number of programming languages, tools and technologies. \r\n Worked for INTELLIGRATED .Currently working for WM-Ebiz. \r\n Experience in debugging some real time java projects and UI defects. \r\n ','approved','SUBMITTED','APPROVED','2016-02-01 20:31:36','2016-02-01 20:31:36','2016-02-01 00:00:00',NULL),(2075,5756,'1 Years 6 Months','1 Years 3 Months',' ZX','caSD','a Experience in small projects on core java and advanced java. \r\n Knowledge in GUI Design (Web, Window). \r\n Skills in a number of programming languages, tools and technologies. \r\n Worked for INTELLIGRATED .Currently working for WM-Ebiz. \r\n Experience in debugging some real time java projects and UI defects. \r\n ','approved','SUBMITTED','APPROVED','2016-02-01 20:56:57','2016-02-01 20:56:57','2016-02-01 00:00:00',NULL),(2076,5756,'1 Years 1 Months','0 Years 7 Months',' ZX','caSD','a Experience in small projects on core java and advanced java. \r\n Knowledge in GUI Design (Web, Window). \r\n Skills in a number of programming languages, tools and technologies. \r\n Worked for INTELLIGRATED .Currently working for WM-Ebiz. \r\n Experience in debugging some real time java projects and UI defects. \r\n ',NULL,'NA','PENDING','2016-02-02 17:36:27','2016-02-02 17:36:27',NULL,NULL),(2077,5756,'1 Years 1 Months','0 Years 7 Months',' ZX','caSD','a Experience in small projects on core java and advanced java. \r\n Knowledge in GUI Design (Web, Window). \r\n Skills in a number of programming languages, tools and technologies. \r\n Worked for INTELLIGRATED .Currently working for WM-Ebiz. \r\n Experience in debugging some real time java projects and UI defects. \r\n ',NULL,'NA','PENDING','2016-02-02 17:36:53','2016-02-02 17:36:53',NULL,NULL),(2078,5756,'1 Years 1 Months','0 Years 7 Months',' ZX','caSD','a Experience in small projects on core java and advanced java. \r\n Knowledge in GUI Design (Web, Window). \r\n Skills in a number of programming languages, tools and technologies. \r\n Worked for INTELLIGRATED .Currently working for WM-Ebiz. \r\n Experience in debugging some real time java projects and UI defects. \r\n ',NULL,'SUBMITTED','PENDING','2016-02-02 17:37:39','2016-02-02 17:37:46',NULL,NULL);
/*!40000 ALTER TABLE `resume` ENABLE KEYS */;
UNLOCK TABLES;

--
-- Table structure for table `skill`
--

DROP TABLE IF EXISTS `skill`;
/*!40101 SET @saved_cs_client     = @@character_set_client */;
/*!40101 SET character_set_client = utf8 */;
CREATE TABLE `skill` (
  `SkillId` int(11) NOT NULL AUTO_INCREMENT,
  `ResumeId` int(11) DEFAULT NULL,
  `SkillType` varchar(500) DEFAULT NULL,
  `SkillCatagory` varchar(50) DEFAULT NULL,
  `Skill` varchar(255) DEFAULT NULL,
  `CreatedDate` datetime NOT NULL,
  `UpdatedDate` datetime NOT NULL,
  PRIMARY KEY (`SkillId`),
  KEY `FK686CA51CDD04ACA` (`ResumeId`),
  CONSTRAINT `FK686CA51CDD04ACA` FOREIGN KEY (`ResumeId`) REFERENCES `resume` (`Resumeid`)
) ENGINE=InnoDB AUTO_INCREMENT=427 DEFAULT CHARSET=latin1;
/*!40101 SET character_set_client = @saved_cs_client */;

--
-- Dumping data for table `skill`
--

LOCK TABLES `skill` WRITE;
/*!40000 ALTER TABLE `skill` DISABLE KEYS */;
INSERT INTO `skill` VALUES (139,2050,'null','SECONDARY','PS: Test','2016-01-21 19:08:58','2016-01-21 19:08:58'),(140,2050,'Languages ','TECHNICAL','Test','2016-01-21 19:08:58','2016-01-21 19:08:58'),(141,2050,'null','PRIMARY','PS: Test','2016-01-21 19:08:58','2016-01-21 19:08:58'),(142,2051,'null','SECONDARY','PS: Test','2016-01-22 11:05:10','2016-01-22 11:05:10'),(143,2051,'null','PRIMARY','PS: Test','2016-01-22 11:05:10','2016-01-22 11:05:10'),(144,2051,'\r\n																	Languages \r\n\r\n																','TECHNICAL','Test','2016-01-22 11:05:10','2016-01-22 11:05:10'),(145,2052,'null','PRIMARY','PS: Test','2016-01-22 11:05:46','2016-01-22 11:05:46'),(146,2052,'null','SECONDARY','PS: Test','2016-01-22 11:05:46','2016-01-22 11:05:46'),(147,2052,'\r\n																	Languages \r\n\r\n																','TECHNICAL','Test','2016-01-22 11:05:46','2016-01-22 11:05:46'),(151,2054,'Operating Systems ','TECHNICAL','Windows xp/vista/7,Linux','2016-01-22 11:41:38','2016-01-22 11:41:38'),(152,2054,'Versioning Tools ','TECHNICAL','SourceTree,TFS','2016-01-22 11:41:38','2016-01-22 11:41:38'),(153,2054,'null','PRIMARY','C#, HTML,CSS,','2016-01-22 11:41:38','2016-01-22 11:41:38'),(154,2054,'Scripting languages ','TECHNICAL','Javascript,Jquery','2016-01-22 11:41:38','2016-01-22 11:41:38'),(155,2054,'Languages ','TECHNICAL','C#,Java','2016-01-22 11:41:38','2016-01-22 11:41:38'),(156,2054,'null','SECONDARY','JQUERY','2016-01-22 11:41:38','2016-01-22 11:41:38'),(157,2054,'Database Technologies ','TECHNICAL','SQL Server 2008','2016-01-22 11:41:38','2016-01-22 11:41:38'),(158,2054,'Markup Languages ','TECHNICAL','HTML,CSS','2016-01-22 11:41:38','2016-01-22 11:41:38'),(159,2054,'RDBMS ','TECHNICAL','SQL Server 2008','2016-01-22 11:41:38','2016-01-22 11:41:38'),(160,2055,'null','SECONDARY','SS: Test','2016-01-22 11:51:05','2016-01-22 11:51:05'),(161,2055,'\r\n																	\r\n																	Languages \r\n\r\n																\r\n\r\n																','TECHNICAL','Test','2016-01-22 11:51:05','2016-01-22 11:51:05'),(162,2055,'null','PRIMARY','PS: Test','2016-01-22 11:51:05','2016-01-22 11:51:05'),(166,2056,'null','PRIMARY','Oracle Fusion Middleware 11g (ODI, SOA), Oracle DB, Java','2016-01-22 12:48:00','2016-01-22 12:48:00'),(167,2056,'Web Technologies ','TECHNICAL','WebMethods, ODI, SOA','2016-01-22 12:48:00','2016-01-22 12:48:00'),(168,2056,'Web Servers ','TECHNICAL','WebLogic Server, Integration Server (WebMethods)','2016-01-22 12:48:00','2016-01-22 12:48:00'),(169,2056,'Markup Languages ','TECHNICAL','HTML, XML, CSS','2016-01-22 12:48:00','2016-01-22 12:48:00'),(170,2056,'Scripting languages ','TECHNICAL','JavaScript','2016-01-22 12:48:00','2016-01-22 12:48:00'),(171,2056,'Languages ','TECHNICAL','C, Java, Python','2016-01-22 12:48:00','2016-01-22 12:48:00'),(172,2056,'Operating Systems ','TECHNICAL','Windows, Ubuntu, Fedora','2016-01-22 12:48:00','2016-01-22 12:48:00'),(173,2056,'IDE ','TECHNICAL','Jdeveloper with SOA Suite 11g, Eclipse, ODI Studio, Process Developer','2016-01-22 12:48:00','2016-01-22 12:48:00'),(174,2056,'RDBMS ','TECHNICAL','Oracle Database 11g','2016-01-22 12:48:00','2016-01-22 12:48:00'),(175,2056,'null','SECONDARY','Webmethods, Informatica, CSS, JavaScript, Bootstrap, Microsoft Office, Unix, Photoshop etc.','2016-01-22 12:48:00','2016-01-22 12:48:00'),(176,2057,'Scripting languages ','TECHNICAL','JavaScript','2016-01-22 13:14:15','2016-01-22 13:14:15'),(177,2057,'null','PRIMARY','Oracle Fusion Middleware 11g (ODI, SOA), Oracle DB, Java','2016-01-22 13:14:15','2016-01-22 13:14:15'),(178,2057,'XML Technologies ','TECHNICAL','XML, XSL, XSLT, XPATH, WSDL, CSS, BootStrap','2016-01-22 13:14:15','2016-01-22 13:14:15'),(179,2057,'RDBMS ','TECHNICAL','Oracle Database 11g','2016-01-22 13:14:15','2016-01-22 13:14:15'),(180,2057,'IDE ','TECHNICAL','Jdeveloper with SOA Suite 11g, Eclipse, ODI Studio','2016-01-22 13:14:15','2016-01-22 13:14:15'),(181,2057,'null','SECONDARY','Webmethods, Informatica, CSS, JavaScript, Bootstrap, Microsoft Office, Unix, Photoshop etc.','2016-01-22 13:14:15','2016-01-22 13:14:15'),(182,2057,'Web Servers ','TECHNICAL','Weblogic, Integration Server webmethods','2016-01-22 13:14:15','2016-01-22 13:14:15'),(183,2057,'Languages ','TECHNICAL','C, Java, Python','2016-01-22 13:14:15','2016-01-22 13:14:15'),(184,2057,'Operating Systems ','TECHNICAL','Windows XP - 10, Ubuntu, Fedora','2016-01-22 13:14:15','2016-01-22 13:14:15'),(185,2057,'Markup Languages ','TECHNICAL','HTML, XML, CSS','2016-01-22 13:14:15','2016-01-22 13:14:15'),(186,2057,'Web Technologies ','TECHNICAL','Webmethods, ODI, SOA','2016-01-22 13:14:15','2016-01-22 13:14:15'),(223,2058,'\r\n								\r\n								\r\n								Languages \r\n								\r\n								\r\n								','TECHNICAL','C, C++ and Java','2016-01-22 13:23:19','2016-01-22 13:23:19'),(224,2058,'\r\n								\r\n								\r\n								RDBMS \r\n								\r\n								\r\n								','TECHNICAL','Oracle 8i-10g, MS SQL Server 2000-05-07 ','2016-01-22 13:23:19','2016-01-22 13:23:19'),(225,2058,'\r\n								\r\n								\r\n								Scripting languages \r\n								\r\n								\r\n								','TECHNICAL','JavaScript','2016-01-22 13:23:19','2016-01-22 13:23:19'),(226,2058,'\r\n								\r\n								\r\n								Markup Languages \r\n								\r\n								\r\n								','TECHNICAL','HTML, XML,CSS','2016-01-22 13:23:19','2016-01-22 13:23:19'),(227,2058,'\r\n								\r\n								\r\n								Packages \r\n								\r\n								\r\n								','TECHNICAL','MS-Office , MS-Visio 2003/2007','2016-01-22 13:23:19','2016-01-22 13:23:19'),(228,2058,'\r\n								\r\n								\r\n								XML Technologies \r\n								\r\n								\r\n								','TECHNICAL','XML, XSL, XSLT, XPATH, SOAP, WSDL, CSS','2016-01-22 13:23:19','2016-01-22 13:23:19'),(229,2058,'\r\n								\r\n								\r\n								Operating Systems \r\n								\r\n								\r\n								','TECHNICAL','Windows 8.1,linux','2016-01-22 13:23:19','2016-01-22 13:23:19'),(230,2058,'\r\n								\r\n								\r\n								IDE \r\n								\r\n								\r\n								','TECHNICAL','Jdeveloper with SOA Suite 11g, MS Visual Studio 2005-08.','2016-01-22 13:23:19','2016-01-22 13:23:19'),(231,2058,'\r\n								\r\n								\r\n								Database Technologies \r\n								\r\n								\r\n								','TECHNICAL','Oracle XE Database','2016-01-22 13:23:19','2016-01-22 13:23:19'),(232,2058,'\r\n								\r\n								\r\n								Web Technologies \r\n								\r\n								\r\n								','TECHNICAL','Webservices, Webmethods, XML','2016-01-22 13:23:19','2016-01-22 13:23:19'),(233,2058,'null','PRIMARY','Oracle Fusion Middleware 11g, Oracle DB, SQL Server, Webmethods, Java, Talend (ESB & BigData)','2016-01-22 13:23:19','2016-01-22 13:23:19'),(234,2058,'null','SECONDARY','Microsoft Visual Studio 2008,Microsoft Office','2016-01-22 13:23:19','2016-01-22 13:23:19'),(237,2060,NULL,'SECONDARY','Springs,struts,hibernate,jquery,jslt,css.','2016-01-22 14:01:07','2016-01-22 14:01:07'),(238,2060,NULL,'PRIMARY','Java, SQL,C, C and HTML.','2016-01-22 14:01:07','2016-01-22 14:01:07'),(239,2061,'null','PRIMARY','Java, SQL,C, C and HTML.','2016-01-22 14:02:01','2016-01-22 14:02:01'),(240,2061,'\r\n																	\r\n																	\r\n																','TECHNICAL','Springs,struts,hibernate,jquery,jslt,css.','2016-01-22 14:02:01','2016-01-22 14:02:01'),(241,2061,'null','SECONDARY','Springs,struts,hibernate,jquery,jslt,css.','2016-01-22 14:02:01','2016-01-22 14:02:01'),(242,2061,'\r\n																	\r\n																	\r\n																','TECHNICAL','Java, SQL,C, C and HTML.','2016-01-22 14:02:01','2016-01-22 14:02:01'),(243,2062,'Operating Systems ','TECHNICAL','Windows XP-7,Windows 8','2016-01-22 14:49:02','2016-01-22 14:49:02'),(244,2062,'null','PRIMARY','Core Java,Advance Java,Html','2016-01-22 14:49:02','2016-01-22 14:49:02'),(245,2062,'Database Technologies ','TECHNICAL','MySql	','2016-01-22 14:49:02','2016-01-22 14:49:02'),(246,2062,'Markup Languages ','TECHNICAL','HTML,Javascript','2016-01-22 14:49:02','2016-01-22 14:49:02'),(247,2062,'null','SECONDARY','Hibernate\r\n','2016-01-22 14:49:02','2016-01-22 14:49:02'),(248,2062,'Web Servers ','TECHNICAL','Apache Tomcat, TestNG','2016-01-22 14:49:02','2016-01-22 14:49:02'),(249,2062,'Languages ','TECHNICAL','C ,C++ and JavaWeb services, XML','2016-01-22 14:49:02','2016-01-22 14:49:02'),(250,2062,'IDE ','TECHNICAL','Eclipse , Notepad++, SQL Server Management Studio','2016-01-22 14:49:02','2016-01-22 14:49:02'),(251,2053,'\r\n																	\r\n																	\r\n																	\r\n																	Languages \r\n\r\n																\r\n\r\n																\r\n																\r\n																','TECHNICAL','Test','2016-01-22 14:57:35','2016-01-22 14:57:35'),(252,2053,'null','SECONDARY','SS: Test, test, test','2016-01-22 14:57:35','2016-01-22 14:57:35'),(253,2053,'null','PRIMARY','PS: Test, test, test, test','2016-01-22 14:57:35','2016-01-22 14:57:35'),(302,2063,'null','SECONDARY','Java scripting, Java','2016-01-22 15:31:00','2016-01-22 15:31:00'),(303,2063,'\r\n								\r\n								\r\n								\r\n								\r\n								Operating Systems \r\n								\r\n								\r\n								\r\n								\r\n								','TECHNICAL','windows, linux','2016-01-22 15:31:00','2016-01-22 15:31:00'),(304,2063,'\r\n								\r\n								\r\n								\r\n								\r\n								Database Technologies \r\n								\r\n								\r\n								\r\n								\r\n								','TECHNICAL','Oracle 11g','2016-01-22 15:31:00','2016-01-22 15:31:00'),(305,2063,'\r\n								\r\n								\r\n								\r\n								\r\n								XML Technologies \r\n								\r\n								\r\n								\r\n								\r\n								','TECHNICAL','XML, XPATH, XSLT, XPATH ','2016-01-22 15:31:00','2016-01-22 15:31:00'),(306,2063,'\r\n								\r\n								\r\n								\r\n								\r\n								Web Technologies \r\n								\r\n								\r\n								\r\n								\r\n								','TECHNICAL','Java Scripting','2016-01-22 15:31:00','2016-01-22 15:31:00'),(307,2063,'\r\n								\r\n								\r\n								\r\n								\r\n								Languages \r\n								\r\n								\r\n								\r\n								\r\n								','TECHNICAL','Java','2016-01-22 15:31:00','2016-01-22 15:31:00'),(308,2063,'null','PRIMARY','Oracle SOA,  Oracle DB, XML, JSON','2016-01-22 15:31:00','2016-01-22 15:31:00'),(309,2063,'\r\n								\r\n								\r\n								\r\n								\r\n								IDE \r\n								\r\n								\r\n								\r\n								\r\n								','TECHNICAL','Jdeveloper, eclispe','2016-01-22 15:31:00','2016-01-22 15:31:00'),(310,2063,'\r\n								\r\n								\r\n								\r\n								\r\n								Versioning Tools \r\n								\r\n								\r\n								\r\n								\r\n								','TECHNICAL','clearcase, CVS, SVN','2016-01-22 15:31:00','2016-01-22 15:31:00'),(314,2064,'IDE ','TECHNICAL','Eclipse, Oracle JDeveloper','2016-01-22 15:38:19','2016-01-22 15:38:19'),(315,2064,'null','PRIMARY','C, C++, Oracle SOA 11g','2016-01-22 15:38:19','2016-01-22 15:38:19'),(316,2064,'Database Technologies ','TECHNICAL','Oracle Database','2016-01-22 15:38:19','2016-01-22 15:38:19'),(317,2064,'Languages ','TECHNICAL','C, C++, Java','2016-01-22 15:38:19','2016-01-22 15:38:19'),(318,2064,'Operating Systems ','TECHNICAL','Windows, Linux','2016-01-22 15:38:19','2016-01-22 15:38:19'),(319,2064,'Markup Languages ','TECHNICAL','XML, HTML','2016-01-22 15:38:19','2016-01-22 15:38:19'),(320,2064,'null','SECONDARY','Java','2016-01-22 15:38:19','2016-01-22 15:38:19'),(332,2059,'\r\n								Web Servers \r\n								','TECHNICAL','Weblogic, Integration Server WebMethods','2016-01-22 15:39:04','2016-01-22 15:39:04'),(333,2059,'\r\n								Operating Systems \r\n								','TECHNICAL','Windows XP-10, Ubuntu, Fedora','2016-01-22 15:39:04','2016-01-22 15:39:04'),(334,2059,'\r\n								Markup Languages \r\n								','TECHNICAL','HTML, XML, CSS, Bootstrap','2016-01-22 15:39:04','2016-01-22 15:39:04'),(335,2059,'\r\n								XML Technologies \r\n								','TECHNICAL','XML, XSL, XSLT, XPATH, WSDL, CSS','2016-01-22 15:39:04','2016-01-22 15:39:04'),(336,2059,'\r\n								Scripting languages \r\n								','TECHNICAL','JavaScript','2016-01-22 15:39:04','2016-01-22 15:39:04'),(337,2059,'\r\n								Web Technologies \r\n								','TECHNICAL','Webmethods, ODI, SOA','2016-01-22 15:39:04','2016-01-22 15:39:04'),(338,2059,'\r\n								Languages \r\n								','TECHNICAL','C, Java, Python','2016-01-22 15:39:04','2016-01-22 15:39:04'),(339,2059,'\r\n								RDBMS \r\n								','TECHNICAL','Oracle Database 11g','2016-01-22 15:39:04','2016-01-22 15:39:04'),(340,2059,'null','SECONDARY','Webmethods, Informatica, CSS, JavaScript, Bootstrap, Microsoft Office, Unix, Photoshop etc.','2016-01-22 15:39:04','2016-01-22 15:39:04'),(341,2059,'null','PRIMARY','Oracle Fusion Middleware 11g (ODI, SOA), Oracle DB, Java','2016-01-22 15:39:04','2016-01-22 15:39:04'),(342,2059,'\r\n								IDE \r\n								','TECHNICAL','Jdeveloper with SOA Suite 11g, Eclipse, ODI Studio','2016-01-22 15:39:04','2016-01-22 15:39:04'),(343,2065,NULL,'SECONDARY','Springs,struts,hibernate,jquery,jslt,css.','2016-01-22 15:41:48','2016-01-22 15:41:48'),(344,2065,NULL,'PRIMARY','Java, SQL,C, C and HTML.','2016-01-22 15:41:48','2016-01-22 15:41:48'),(345,2067,'null','SECONDARY','Springs,struts,hibernate,jquery,jslt,css.','2016-01-27 19:26:01','2016-01-27 19:26:01'),(346,2067,'null','PRIMARY','Java, SQL,C, C and HTML.','2016-01-27 19:26:01','2016-01-27 19:26:01'),(347,2067,'\r\n																	\r\n																	\r\n																','TECHNICAL','Java, SQL,C, C and HTML.','2016-01-27 19:26:01','2016-01-27 19:26:01'),(348,2067,'\r\n																	\r\n																	\r\n																','TECHNICAL','Springs,struts,hibernate,jquery,jslt,css.','2016-01-27 19:26:01','2016-01-27 19:26:01'),(359,2068,'\r\n								IDE \r\n								','TECHNICAL','Eclipse ','2016-02-01 11:20:05','2016-02-01 11:20:05'),(360,2068,'\r\n								Scripting languages \r\n								','TECHNICAL','Javascript','2016-02-01 11:20:05','2016-02-01 11:20:05'),(361,2068,'null','SECONDARY','Web Services, Javascript, HTML5, CSS, ','2016-02-01 11:20:05','2016-02-01 11:20:05'),(362,2068,'\r\n								Reporting Tools \r\n								','TECHNICAL','Data Driven Document (D3 js)','2016-02-01 11:20:05','2016-02-01 11:20:05'),(363,2068,'\r\n								RDBMS \r\n								','TECHNICAL','My SQL','2016-02-01 11:20:05','2016-02-01 11:20:05'),(364,2068,'\r\n								Operating Systems \r\n								','TECHNICAL','Windows, Unix','2016-02-01 11:20:05','2016-02-01 11:20:05'),(365,2068,'\r\n								Markup Languages \r\n								','TECHNICAL','HTML5','2016-02-01 11:20:05','2016-02-01 11:20:05'),(366,2068,'null','PRIMARY','Core Java, SQL, Oracle EBS ? 11i & R12 Financial ','2016-02-01 11:20:05','2016-02-01 11:20:05'),(367,2068,'\r\n								Web Technologies \r\n								','TECHNICAL','CSS, Jquery','2016-02-01 11:20:05','2016-02-01 11:20:05'),(368,2068,'\r\n								Languages \r\n								','TECHNICAL','Core Java','2016-02-01 11:20:05','2016-02-01 11:20:05'),(383,2071,'Languages ','TECHNICAL','Java','2016-02-01 12:16:44','2016-02-01 12:16:44'),(384,2071,'Markup Languages ','TECHNICAL','HTML, Basics of XML','2016-02-01 12:16:44','2016-02-01 12:16:44'),(385,2071,'null','PRIMARY','java (Hibernate, Springs, struts), Javascript, jquery Oracle apps, Oracle DB, SQL Server, basics of Nodejs & Angularjs','2016-02-01 12:16:44','2016-02-01 12:16:44'),(386,2071,'Third Party S/W ','TECHNICAL','Oracle apps (O2c)','2016-02-01 12:16:44','2016-02-01 12:16:44'),(387,2071,'null','SECONDARY','Microsoft Visual Studio 2008, SQL Reports, Microsoft office','2016-02-01 12:16:44','2016-02-01 12:16:44'),(388,2071,'Operating Systems ','TECHNICAL','windows, linux','2016-02-01 12:16:44','2016-02-01 12:16:44'),(389,2071,'Database Technologies ','TECHNICAL','SQL','2016-02-01 12:16:44','2016-02-01 12:16:44'),(390,2071,'Scripting languages ','TECHNICAL','javascript, JQuery, basics of angularjs & nodejs','2016-02-01 12:16:44','2016-02-01 12:16:44'),(391,2072,'null','SECONDARY','BI Publisher, D3JS','2016-02-01 14:36:20','2016-02-01 14:36:20'),(392,2072,'RDBMS ','TECHNICAL','Oracle 10g, 11g','2016-02-01 14:36:20','2016-02-01 14:36:20'),(393,2072,'Database Technologies ','TECHNICAL','Oracle, PostgreSQL, MySQL','2016-02-01 14:36:20','2016-02-01 14:36:20'),(394,2072,'Reporting Tools ','TECHNICAL','Piwik, Oracle Report Builder 6i, XML Publisher, OBIEE(basics)','2016-02-01 14:36:20','2016-02-01 14:36:20'),(395,2072,'Operating Systems ','TECHNICAL','Windows 2000/XP, Linux (basics), CentOS','2016-02-01 14:36:20','2016-02-01 14:36:20'),(396,2072,'XML Technologies ','TECHNICAL','XML, XSL','2016-02-01 14:36:20','2016-02-01 14:36:20'),(397,2072,'null','PRIMARY','Oracle Fusion Middleware 11g, Oracle ERP, SQL, PL/SQL','2016-02-01 14:36:20','2016-02-01 14:36:20'),(398,2072,'Languages ','TECHNICAL','SQL, PL/SQL','2016-02-01 14:36:20','2016-02-01 14:36:20'),(399,2073,'\r\n																	\r\n																	\r\n																','TECHNICAL','Java, SQL,C, C and HTML.','2016-02-01 20:30:19','2016-02-01 20:30:19'),(400,2073,'\r\n																	\r\n																	\r\n																','TECHNICAL','Springs,struts,hibernate,jquery,jslt,css.','2016-02-01 20:30:19','2016-02-01 20:30:19'),(401,2073,'null','PRIMARY','Java, SQL,C, C and HTML.','2016-02-01 20:30:19','2016-02-01 20:30:19'),(402,2073,'null','SECONDARY','Springs,struts,hibernate,jquery,jslt,css.','2016-02-01 20:30:19','2016-02-01 20:30:19'),(403,2074,'null','PRIMARY','Java, SQL,C, C and HTML.','2016-02-01 20:31:36','2016-02-01 20:31:36'),(404,2074,'null','SECONDARY','Springs,struts,hibernate,jquery,jslt,css.','2016-02-01 20:31:36','2016-02-01 20:31:36'),(405,2074,'\r\n																	\r\n																	\r\n																	\r\n																\r\n																	\r\n																','TECHNICAL','Java, SQL,C, C and HTML.','2016-02-01 20:31:36','2016-02-01 20:31:36'),(406,2074,'\r\n																	\r\n																	\r\n																	\r\n																\r\n																	\r\n																','TECHNICAL','Springs,struts,hibernate,jquery,jslt,css.','2016-02-01 20:31:36','2016-02-01 20:31:36'),(407,2075,'null','PRIMARY','Java, SQL,C, C and HTML.','2016-02-01 20:56:57','2016-02-01 20:56:57'),(408,2075,'\r\n																	\r\n																	\r\n																	\r\n																	\r\n																\r\n																	\r\n																\r\n																	\r\n																','TECHNICAL','Springs,struts,hibernate,jquery,jslt,css.','2016-02-01 20:56:57','2016-02-01 20:56:57'),(409,2075,'\r\n																	\r\n																	\r\n																	\r\n																	\r\n																\r\n																	\r\n																\r\n																	\r\n																','TECHNICAL','Java, SQL,C, C and HTML.','2016-02-01 20:56:57','2016-02-01 20:56:57'),(410,2075,'null','SECONDARY','Springs,struts,hibernate,jquery,jslt,css.','2016-02-01 20:56:57','2016-02-01 20:56:57'),(411,2076,'null','SECONDARY','Springs,struts,hibernate,jquery,jslt,css.','2016-02-02 17:36:27','2016-02-02 17:36:27'),(412,2076,'\r\n																	\r\n																	\r\n																	\r\n																	\r\n																	\r\n																\r\n																	\r\n																\r\n																	\r\n																\r\n																	\r\n																','TECHNICAL','Springs,struts,hibernate,jquery,jslt,css.','2016-02-02 17:36:27','2016-02-02 17:36:27'),(413,2076,'null','PRIMARY','Java, SQL,C, C and HTML.','2016-02-02 17:36:27','2016-02-02 17:36:27'),(414,2076,'\r\n																	\r\n																	\r\n																	\r\n																	\r\n																	\r\n																\r\n																	\r\n																\r\n																	\r\n																\r\n																	\r\n																','TECHNICAL','Java, SQL,C, C and HTML.','2016-02-02 17:36:27','2016-02-02 17:36:27'),(415,2077,'\r\n																	\r\n																	\r\n																	\r\n																	\r\n																	\r\n																\r\n																	\r\n																\r\n																	\r\n																\r\n																	\r\n																','TECHNICAL','Java, SQL,C, C and HTML.','2016-02-02 17:36:53','2016-02-02 17:36:53'),(416,2077,'\r\n																	\r\n																	\r\n																	\r\n																	\r\n																	\r\n																\r\n																	\r\n																\r\n																	\r\n																\r\n																	\r\n																','TECHNICAL','Springs,struts,hibernate,jquery,jslt,css.','2016-02-02 17:36:53','2016-02-02 17:36:53'),(417,2077,'null','SECONDARY','Springs,struts,hibernate,jquery,jslt,css.','2016-02-02 17:36:53','2016-02-02 17:36:53'),(418,2077,'null','PRIMARY','Java, SQL,C, C and HTML.','2016-02-02 17:36:53','2016-02-02 17:36:53'),(423,2078,'null','PRIMARY','Java, SQL,C, C and HTML.','2016-02-02 17:37:46','2016-02-02 17:37:46'),(424,2078,'\r\n								\r\n																	\r\n																	\r\n																	\r\n																	\r\n																	\r\n																\r\n																	\r\n																\r\n																	\r\n																\r\n																	\r\n																\r\n								','TECHNICAL','Java, SQL,C, C and HTML.','2016-02-02 17:37:46','2016-02-02 17:37:46'),(425,2078,'\r\n								\r\n																	\r\n																	\r\n																	\r\n																	\r\n																	\r\n																\r\n																	\r\n																\r\n																	\r\n																\r\n																	\r\n																\r\n								','TECHNICAL','Springs,struts,hibernate,jquery,jslt,css.','2016-02-02 17:37:46','2016-02-02 17:37:46'),(426,2078,'null','SECONDARY','Springs,struts,hibernate,jquery,jslt,css.','2016-02-02 17:37:46','2016-02-02 17:37:46');
/*!40000 ALTER TABLE `skill` ENABLE KEYS */;
UNLOCK TABLES;
/*!40103 SET TIME_ZONE=@OLD_TIME_ZONE */;

/*!40101 SET SQL_MODE=@OLD_SQL_MODE */;
/*!40014 SET FOREIGN_KEY_CHECKS=@OLD_FOREIGN_KEY_CHECKS */;
/*!40014 SET UNIQUE_CHECKS=@OLD_UNIQUE_CHECKS */;
/*!40101 SET CHARACTER_SET_CLIENT=@OLD_CHARACTER_SET_CLIENT */;
/*!40101 SET CHARACTER_SET_RESULTS=@OLD_CHARACTER_SET_RESULTS */;
/*!40101 SET COLLATION_CONNECTION=@OLD_COLLATION_CONNECTION */;
/*!40111 SET SQL_NOTES=@OLD_SQL_NOTES */;

-- Dump completed on 2016-02-05 18:35:37
